3,A747-97D1672F5F4B,RECONOCIMIENTO POR EL LOGRO DE 15 AÑOS DE ACREDITACIÓN CONTINUA DEL PROGRAMA DE INGENIERO CIVIL ANTE EL COMITÉ DE ACREDITACIÓN PARA LA ENSEÑANZA DE LA INGENIERÍA  A.C.
4,A747-97D1672F5F4B,RECONOCIMIENTO POR LA ACREDITACIÓN ININTERRUMPIDA DEL PROGRAMA DE INGENIERO CIVIL ANTE EL COMITÉ DE ACREDITACIÓN DE LA ENSEÑANZA DE LA INGENIERÍA  A.C.  A 20 AÑOS DE OBTENER LA PRIMERA
5,A747-97D1672F5F4B,INCORPORACIÓN AL PADRÓN DE EVALUADORES DEL CONSEJO DE ACREDITACIÓN DE LA ENSEÑANZA DE LA INGENIERÍA  A.C. CACEI  A.C.  
6,8793-C272A821451E,Renovación de perfil deseable PRODEP por tercera ocasión y por tres años más de 2020 al 2023
7,9B40-85375582E264,Medalla al Mérito Universitario por las calificaciones obtenidas en los estudios cursados durante la Maestría en Química. Universidad Autónoma Metropolitana - Iztapalapa
8,9B40-85375582E264,Premio Nacional de la Juventud 1995 en el área de Actividades Académicas otorgado por la Presidencia de la República.
9,9B40-85375582E264,Nivel 2 del Sistema Nacional de Investigadores 
10,B069-0AE3487B4177,RECONOCIMIENTO A PERFIL DESEABLE PRODEP 2011-2014  2015-2028
11,B069-0AE3487B4177,SISTEMA NACIONAL DE INVESTIGADORES NIVEL C 2009-2013
12,B069-0AE3487B4177,SISTEMA NACIONAL DE INVESTIGADORES NIVEL I 2020-2029
16,8E2B-4D4870DDD4AD,Nombramiento de Investigador Nacional Nivel I  del 1º de Julio de 1995 al 30 de Junio de 1998  otorgado por el Sistema Nacional de Investigadores. Nuevo nombramiento con la misma categoría del 1 de Enero del 2017 al 31 de Diciembre del 2020  Nuevo nombrami
17,8E2B-4D4870DDD4AD,Primer lugar del Certamen Francisco Estrada  en Ciencias. Gobierno del Estado de San Luis Potosí  1991.
18,8E2B-4D4870DDD4AD,Premio – Primer Lugar en el Area de Ciencias Exactas del Certamen Nacional Juvenil de Ciencia y Tecnología 2005  a la LQ. Laura Angélica Hernández Alvarado otorgado por el Instituto Mexicano de la Juventud e Instituto Duranguense de la Juventud  18 de Novi
19,897E-6AC4FB573B57,Perfil PRODEP otorgado por la Secretaria de Educación Pública  por el periodo de Septiembre del 2016 a Septiembre del 2022.
20,897E-6AC4FB573B57,Miembro del Sistema Nacional de Investigadores Nivel 1. Distinción otorgada por el Consejo Nacional de Ciencia y Tecnología  México. Vigencia de la distinción del 1 de enero del 2018 al 31 de diciembre del 2021.
21,897E-6AC4FB573B57,Miembro del Sistema Nacional de Investigadores Nivel 1. Distinción otorgada por el Consejo Nacional de Ciencia y Tecnología  México. Vigencia de la distinción del 1 de enero del 2014 al 31 de diciembre del 2017.
22,897E-6AC4FB573B57,Perfil PROMEP otorgado por la Secretaria de Educación Pública  por el periodo de 23 de julio del 2013 al 22 de julio del 2016.
23,897E-6AC4FB573B57,Miembro del Sistema Nacional de Investigadores Nivel 1. Distinción otorgada por el Consejo Nacional de Ciencia y Tecnología  México. Vigencia de la distinción del 1 de enero del 2011 al 31 de diciembre del 2013.
24,897E-6AC4FB573B57,Perfil PROMEP otorgado por la Secretaria de Educación Pública  por el periodo del 21 Septiembre del 2007 al 20 de septiembre del 2010  
25,897E-6AC4FB573B57,Perfil PROMEP otorgado por la Secretaria de Educación Pública  por el periodo de 30 de julio del 2010 al 29 de julio del 2013  
26,BCAC-3E414E812BA6,Candidata a Investigadora Nacional por el CONACyT de Enero 2020 – Diciembre 2022.
27,8F13-580573C094AA,PREMIO NACIONAL CON IMPACTO SOCIAL AL MEJOR PROYECTO DE MANEJO DE RESIDUOS PELIGROSOS  RETOS PARA EL MANEJO DE ACEITE USADO AUTOMOTRIZ USADO  GENERADO POR TALLERES AUTOMOTRICES DE SLP.  OTORGADO POR LA AIDIS. AÑO 2005
28,8F13-580573C094AA,PREMIO NACIONAL EN LA CATEGORIA DE RESIDUOS PELIGROSOS: MANEJO DEL ACEITE USADO POR MICROGENERADORES EN S.L.P.  SEMARNAT 2008
29,8C74-C4500D65B097,Miembro de Sistema Nacional de Investigadores  nivel 1 (2007-2009  2010-2013  2014-2017  2018-2021  2021-2025).
30,8C74-C4500D65B097,Profesor con perfil PROMEP (11/2006 – 11/2009  07/2009 – 07/2012  06/2012 – 06/2015  06/2015– 06/2021  06/2021-06/2027).
31,8676-9B08C03A43C0,Miembro del Sistema Nacional de Investigadores Nivel II
32,8676-9B08C03A43C0,Nominada por la División de Ingeniería de la Universidad de Murdoch para el Distinguished Alumni Award
35,A7AB-C2055831FEE5,Promoción al Nivel II del Sistema Nacional de Investigadores CONACyT 
36,A441-8582DDCA08DA,The Canada Council Scolarship: Beca para estudiar Maestría en Ingeniería en la Universidad de Toronto  Canadá.
37,A441-8582DDCA08DA,The American Iron Steel Institute: Soporte económico.
38,A441-8582DDCA08DA,Lead Assessor    SGS Yaesley International Certification Services Limited.
39,A441-8582DDCA08DA,Internal Auditor    ISO 9000 SGS / ISO 2000 Entrepreneur Corporation /ISO 9001 2008 Leyva Consultores  S.C. 
40,A441-8582DDCA08DA,Quality Management     Philip Crosby Quality College. Orlando Florida.
41,A441-8582DDCA08DA,Universidad del Centro de México: Ponente Ciclo Conferencias 2000
42,A441-8582DDCA08DA,Compañia Real de Monte y Pachuca S.A. Participación como Instructor Curso Sensibilización a la Norma ISO 9002
43,A441-8582DDCA08DA,"Altos Hornos de México: Formación de Monitores ""A"" en Sistemas de Calidad Serie ISO-9000"
44,A441-8582DDCA08DA,Acero Nacionales S.A. :Instructor de Curso Sensibilización de Sistemas de Calidad Serie ISO-9000
45,A441-8582DDCA08DA,Universidad del Centro de México: Excelencia Académica por haber obtenido el segundo lugar como mejor maestro en la carrera de de Licenciado en Administración Financiera.
46,A441-8582DDCA08DA,Sistemas Avanzados para la Calidad: GREEN BELT Entrenamiento en Lean Seis Sigma como Líder de Proyectos
47,A441-8582DDCA08DA,Entreprenour Corporation: Reconocimiento en QUALITY CORE TOOLS (APQP-AMEF-PPAP)
48,898F-BF42CA1693A8,Investigador Nacional Nivel I del Sistema Nacional de Investigadores (2020-2022)
49,898F-BF42CA1693A8,Reconocimiento de perfil deseable PROMEP (2019-2022)
50,84DC-44CACA11C77B,Mención honorifica al desarrollo tecnológico.  COPOCYT  Colaminado de aluminio en aleaciones base zinc. 
51,B5AB-202D985E099D,Grant por £5 000 pounds en octubre del 2020 para realizar difusión del programa LIF en México  anexo el dominio de la pagina web que se pago con este dinero.  https://comunidadlif.mx/perfiles
52,B5AB-202D985E099D,Gane el concurso de la Royal Academy of Engineering en la modalidad Leaders in innovation Fellowship para tomar un curso en londres  con viáticos incluidos en noviembre del 2019  
53,B5AB-202D985E099D,Grant por £5 000 pounds en abrir del 2021 para continuar con la difusión del programa LIF en México  anexo el dominio de la pagina web que se pago con este dinero. https://comunidadlif.mx/perfiles. En los eventos que se han organizado se han invitado a los
54,B5AB-202D985E099D,Beca Maestros y Doctores en la Industria apoyada por el COPOCYT en el 2016 y 2017
55,B218-A54908A6BB47,SNI-CONACyT nivel 1
56,B218-A54908A6BB47,Medalla Alfonso Caso  UNAM  Estudios de Maestría
57,B28E-F8E515736A4E,SNI 1   Coordinadora del Posgrado en Tecnología y Gestión del Agua   Secretaria de Planeación de la Facultad de Ingeniería
58,B752-B7A9F5281A9E,Miembro del Sistema Nacional de Investigadores (Nivel I). 2019-2022.
59,9FEF-FEB0A53EA59D,Premio Environmental Challenge Award Latinoamerica de al empresa CUMMINS SA de CV a nivel Lationamérica. Proyecto Unitecho Vivo (Huertos de azotea) 2017.
60,9FEF-FEB0A53EA59D,Premio Environmental Challenge Award Latinamerica de la empresa CUMMINS SA de CV a nivel Lationamérica 2018. Modelo de Sostenibilidad para la gobernanza de comunidades vulnerables.
61,9FEF-FEB0A53EA59D,Environmental Challenge Award International 2020 de la empresa CUMMINS SA de CV. Proyecto Modelo de sostenibilidad para la gobernanza de comunidades vulnerables en La Pila  SLP  México.
62,B260-9109B86AFBA4,2020: Candidata al Sistema Nacional de Investigadores.    
63,B260-9109B86AFBA4,2020: Ganadora del premio Francisco Estrada en el Certamen 20 de noviembre  categoría científica.
64,B260-9109B86AFBA4,2018: Ganadora del 2do. lugar en el concurso de carteles científicos en la categoría socio humanística  de la Secretaría de Investigación y Posgrado de la UASLP.
65,B260-9109B86AFBA4,2016: Ganadora del 1er. lugar en el concurso de carteles científicos en la categoría socio humanística  de la Secretaría de Investigación y Posgrado de la UASLP
66,BC92-8E3D54432C8E,2017 otorgamiento del reconocimiento del perfil PRODEP
67,BC92-8E3D54432C8E,2020 otorgamiento del reconocimiento como candidato SNI
68,8780-3F2C8DA8FB2D,Investigador Nacional Nivel II del Sistema Nacional de Investigadores  expediente 20812  2014-2017 y 2018-2022.
69,8780-3F2C8DA8FB2D,UC-Mexus Fellowship para realizar una estancia de investigación en la Universidad de California  Riverside  periodo de enero a diciembre del 2005
70,8780-3F2C8DA8FB2D,- Distinción por haber ocupado el tercer lugar nacional en el “Concurso para el Apoyo a Proyectos de Investigación Básica 2001” del Comité de Ingeniería  Materiales y Manufactura del Consejo Nacional de Ciencia y Tecnología. Febrero de 2002.
71,8780-3F2C8DA8FB2D,Distinción por asesoría a la mejor tesis de licenciatura a nivel nacional en el área de generación de energía eléctrica  Instituto de Investigaciones Eléctricas  diciembre de 2001.
72,8780-3F2C8DA8FB2D,Perfil PROMEP  Subsecretaría de Educación Superior e Investigación Científica. 2000-2022
73,8780-3F2C8DA8FB2D,Investigador Nacional Nivel I del Sistema Nacional de Investigadores  expediente 20812  2003-2005  2006-2009 y 2010-2013
74,8780-3F2C8DA8FB2D,Candidato a Investigador Nacional del Sistema Nacional de Investigadores  1999-2002.
75,8780-3F2C8DA8FB2D,Beca CONACYT para realizar estudios de doctorado en la Universidad de Notre Dame. Agosto de 1993 a julio de 1997.
76,8780-3F2C8DA8FB2D,Beca Fulbright para realizar estudios de doctorado y entrenamiento práctico en la Universidad de Notre Dame de agosto de 1993 a junio de 1998  
77,8B57-58A0B378F8A1,Medalla Alfonso Caso al Mérito Universitario otorgada por la Universidad Nacional Autónoma de México a los alumnos destacados egresados del Doctorado en Ciencias. Año 1998.
78,8B57-58A0B378F8A1,Perfil deseable para profesores de tiempo completo-PRODEP otorgado por la Secretaría de Educación Pública en diciembre del 2002 y vigente hasta la fecha.
79,8B57-58A0B378F8A1,Beca del Programa de Estancias Posdoctorales en el Extranjero para Graduados en Instituciones Nacionales de septiembre 1997 a  septiembre 1998
80,B91E-9B0E4E43E39D,INVESTIGADOR SNI NIVEL 1
81,B91E-9B0E4E43E39D,PROFESOR INVESTIGADOR CON PERFIL PROMEP
82,8B55-2FD9C2CDB9DB,Reconocimiento a perfil deseable (PRODEP) para profesores de tiempo completo (2014-2026)
83,8B55-2FD9C2CDB9DB,Candidato (SIN) Sistema Nacional de Investigadores (2011-2013)
84,8B62-87B4C529460A,1. Miembro del SNI  periodos  1988-1994  2000-2003 (No vigente).  2. Designado profesor con perfil deseable- PROMEP: 1999  2002  2006  2009  2012-2015  2015-2018.  
85,A8DF-1E597B3CE75A,RECONOCIMIENTO POR LA PARTICIPACIÓN COMO PONENTE EN LA CONFERENCIA “ LA IMPORTANCIA DE LOS COSTOS EN EL CONTROL GERENCIAL” EN LA XIV SEMANA DE LA CONTADURÍA PÚBLICA UNISON EDICIÓN 2021” DE LA UNIVERSIDAD DE SONORA DIVISIÓN DE CIENCIAS ECONÓMICAS Y ADMINIST
86,A8DF-1E597B3CE75A,RECONOCIMIENTO POR LA PARTICIPACIÓN COMO PONENTE EN LA CONFERENCIA “ENTREVISTA DE TRABAJO” EN LA FACULTAD DE INGENIERÍA (OCTUBRE 2020)
87,A8DF-1E597B3CE75A,RECONOCIMIENTO POR LA PARTICIPACIÓN COMO PONENTE EN EL “TALLER FINIQUITOS Y LIQUIDACIONES; CÁLCULO Y EFECTOS LEGALES Y FISCALES” EN LA ASOCIACIÓN DE EJECUTIVOS DE LA GESTIÓN DEL TALENTO HUMANO DE SAN LUIS POTOSI AC (AGOSTO 2020)
88,A8DF-1E597B3CE75A,RECONOCIMIENTO POR LA PARTICIPACIÓN COMO PONENTE EN EL “TALLER DE NÓMINAS INTEGRALES 2020” EN LA ASOCIACIÓN DE EJECUTIVOS DE LA GESTIÓN DEL TALENTO HUMANO DE SAN LUIS POTOSI AC (FEBRERO DE 2020)
89,A8DF-1E597B3CE75A,RECONOCIMIENTO COMO PONENTE EN LA CONFERENCIA “OBLIGACIONES FISCALES” EN LA FACULTAD DE INGENIERÍA (OCTUBRE 2019)
90,A8DF-1E597B3CE75A,RECONOCIMIENTO POR LA PARTICIPACIÓN COMO ORGANIZADORA DEL PRIMER CONCURSO DE “COMUNICACIÓN ORAL Y ESCRITA” EN LA FACULTAD DE INGENIERÍA (OCTUBRE 2019)
91,A8DF-1E597B3CE75A,RECONOCIMIENTO POR LA PARTICIPACIÓN COMO APLICADOR EN EL EXAMEN DE UBICACIÓN DE INGLÉS EN EL DEPARTAMENTO UNIVERSITARIO DE INGLÉS (SEPTIEMBRE 2019)
92,A8DF-1E597B3CE75A,RECONOCIMIENTO POR LA PARTICIPACIÓN COMO APLICADOR EN EL EXAMEN DE INGRESO A LA LICENCIATURA EXANI-II EN LA FACULTAD DE INGENIERÍA (JULIO 2018)
93,A8DF-1E597B3CE75A,RECONOCIIENTO POR LA PARTICIPACIÓN COMO ORGANIZADORA DEL SEGUNDO PANEL DE EGRESADOS DEL AME EN LA FACULTAD DE INGENIERÍA (MAYO 2017)
94,A8DF-1E597B3CE75A,RECONOCIMIENTO POR LA PARTICIPACIÓN COMO EXPONENTE EN EL COMITÉ LABORAL “LA IMPORTANCIA DE LA NÓMINA EN LA CONTABILIDAD ELECTRÓNICA” EN LA ASOCIACIÓN DE EJECUTIVOS DE LA GESTIÓN DEL TALENTO HUMANO DE SAN LUIS POTOSI AC (MAYO 2017)
95,A8DF-1E597B3CE75A,RECONOCIMIENTO POR LA PARTICIPACIÓN COMO SINODAL EN LAS PLENARIAS Y EN LA EXPOSICIÓN DE PROTOTIPOS DE LA 5ª EXPO-PROYECTO INTEGRADOR (MAYO 2016)
96,A8DF-1E597B3CE75A,RECONOCIMIENTO POR LA PARTICIPACIÓN COMO PONENTE EN EL TALLER ELABORACIÓN Y CÁLCULO DE FINIQUITOS” EN LA ASOCIACIÓN DE EJECUTIVOS DE LA GESTIÓN DEL TALENTO HUMANO DE SAN LUIS POTOSI AC (OCTUBRE 2015)
97,A8DF-1E597B3CE75A,RECONOCIMIENTO POR LA PARTICIPACIÓN COMO PONENTE EN EL TALLER PRÁCTICO EN IMSS-INFONAVIT-ISR EN LA ASOCIACIÓN DE EJECUTIVOS DE LA GESTIÓN DEL TALENTO HUMANO DE SAN LUIS POTOSÍ AC  (JUNIO 2015)
98,A8DF-1E597B3CE75A,RECONOCIMIENTO POR LA PARTICIPACIÓN COMO PONENTE EN EL CURSO TALLER “TRABAJO EN EQUIPO” PARA MAESTROS DE LA FACULTAD DE INGENIERIA DE LA UASLP (MAYO 2015)
99,A8DF-1E597B3CE75A,RECONOCIMIENTO COMO PONENTE EN LA PLÁTICA “CÁLCULO DE REPARTO DE UTILIDADES” EN LA ASOCIACIÓN DE EJECTUTIVOS DE LA GESTIÓN DEL TALENTO HUMANO DE SAN LUIS POTOSI AC (MAYO 2015)
100,A8DF-1E597B3CE75A,RECONOCIMIENTO POR LA PARTICIPACIÓN COMO FACILITADORA DEL CURSO “ELABORACIÓN DE CURRICULUM VITAE Y ENTREVISTA DE TRABAJO EN EL MARCO DE LA XL CONFERENCIA NACIONAL DE INGENIERÍA DE LA ANFEI
101,91D7-34FF3F297B62,Reconocimiento: Profesor Perfil Deseable PRODEP. Del 31/07/2021 al 30/07/2024; 31/07/2018 al 30/07/2021; 31/07/2015 al 30/07/2018
102,91D7-34FF3F297B62,Premios al Desempeño Docente como Profesor de la UASLP (cada año  hasta el 2020)
103,AC0C-96144F0179CC,Premio a la mejor Tesis de Doctorado de Ingenieria Ambiental en la convocatoria 2006 del V Consejo Directivo del Colegio de Ingenieros Ambientales de Mexico A.C. del 27 al 29  de Septiembre de 2006
105,9AC3-2DA92C92DF7C,Miembro del Sistema Nacional de Investigadores (SIN) Nivel Candidato  expediente No. 58964  del 1 de enero de 2014 al 31 de diciembre de 2016.
106,9AC3-2DA92C92DF7C,Participación como Ponente en la XXV Semana Nacional de ciencia y Tecnología realizado del 22 al 26 de octubre de 2018
107,A5A7-43F2C26C43A5,Candidata del Sistema Nacional de Investigadores    
108,A5A7-43F2C26C43A5,Primer Lugar en el concurso de carteles  con el trabajo titulado “Caracterización químico-mineralógica de dolinas y cuevas a partir de DRX y SEM n los municipios de San Miguel Piedras y San Antonio Huitepec  Oaxaca”  en el 6to. Congreso Nacional de Ciencia
109,A5A7-43F2C26C43A5,Mención honorífica Magna Cum Laude  Facultad de Ciencias de la Tierra México  Universidad Autonoma de Nuevo León.  
110,A16C-AFA7E8FEEA6F,Participación como evaluador en el 5 encuentro de DIvulgación REDICITI
111,A16C-AFA7E8FEEA6F,Participación en el 3 coloquio Nacional de ciencia recreativa
112,A16C-AFA7E8FEEA6F,Participación en la UAMex Facultad de Humanidades 
113,97B0-E40EC464619C,Diplomado en Sedimentología Cía. Scotia Group Inc.
114,97B0-E40EC464619C,Depositational Systems Analysis Cía. Scotia Group
115,97B0-E40EC464619C,Análisis Secuencial Estratigráfico Compagnie Générale de Géophysique
116,A16C-AFA7E8FEEA6F,Publicación de Antología de Facultad de Humanidades UAMex
117,AECC-3717A5139483,SISTEMA NACIONAL DE INVESTIGADORES DE CONACYT NIVEL 1 (2025-2030)
118,AECC-3717A5139483,PERFIL DESEABLE PRODEP (2022-2025)
119,BF99-069AB1B1876E,Reconocimiento del segundo lugar por el mejor trabajo escrito para titulación a nivel licenciatura 2017 en la UPIIZ  IPN
120,9F70-631542E15748,Distinciones locales:  2020. Beca al desempeño académico (UASLP).   2018. Recategorización a nivel VI  el más alto nivel en la UASLP  2018. Beca al desempeño académico (UASLP).  2017. Obtención de contrato definitivo en la UASLP por méritos académicos.  20
121,9F70-631542E15748,Distinciones a nivel nacional:  2020. Perfil deseable PRODEP (PRODEP  Mexico) (2020 - 2023).  2017. Perfil deseable PRODEP (PRODEP  Mexico) (2017 – 2020).  2016. Sistema Nacional de Investigadores SNI Nivel I (CONACYT  Mexico) (2017 – 2021).
122,A319-B3099653A086,Mención Especial por el trabajo de tesis de Licenciatura
123,A319-B3099653A086,Mención Honorífica por el trabajo de tesis de Maestría
124,A319-B3099653A086,Mención Cum Laude por el trabajo de tesis de doctoral
125,A319-B3099653A086,Reconocimiento de Perfil Deseable PRODEP desde 2012 a la fecha
126,A319-B3099653A086,Reconocimiento como Candidato a Investigador Nacional: 2012-2015
127,A319-B3099653A086,Reconocimiento como Investigador Nacional I: 2016-2022
128,9CD4-C3F1E58742DD,Miembro del sistema Nacional de Investigadores (SNI) nivel I. de 2008- a la Fecha
129,9CD4-C3F1E58742DD,Perfil deseable PRODEP 2010- a la Fecha
130,A57D-3A05F840F619,Perfil Deseable PRODEP  Secretaría de Educación Pública.
131,A57D-3A05F840F619,Investigador Nacional Nivel I  CONACYT.
132,961E-D1D3CBCC7E87,Sistema Nacional de Investigadores  nivel Candidato  año 2021
133,A789-29AD6B988B66,Reconocimiento  Nivel III PREDO
134,A789-29AD6B988B66,Reconocimiento como Investigador Nacional Nivel I (SNI)
135,A789-29AD6B988B66,Reconocimiento a Perfil Deseable PRODEP
136,ABEE-70E67AFB9226,2019  Programa de Estímulos al Desempeño del Personal Docente; Profesor asignatura; Nivel 1
137,8B2B-86A0682C7ECD,Beca al desempeño académico: anual  desde 2000 a la fecha   
138,8B2B-86A0682C7ECD,Reconocimiento del Perfil deseable PROMEP/PRODEP por la SESIC/SEP: desde 2001 a la fecha  
139,8B2B-86A0682C7ECD,Sistema Nacional de Investigadores (SNI): Candidato: 1995-1997  Nivel 1: 2002-2004  2005-2009  2011-2013  2014-2017  2017-2021. Nivel 2: 2021-2026  
140,96BA-EB25A6DA1F69,Beca de Maestría  otorgada por el Consejo Nacional de Ciencia y Tecnología (CONACyT)  para el grado en Geología aplicada  período enero 2010- agosto 2011. No. 49807 
141,96BA-EB25A6DA1F69,Beca de Doctorado  otorgada por el Consejo Nacional de Ciencia y Tecnología (CONACyT)  para el grado en Ingeniería de Minerales  período agosto 2014- agosto 2018.  No. 49807. 
142,96BA-EB25A6DA1F69,Asignación por la coordinación de la Carrera de Ingeniara Ambiental como jurado en el XI concurso de exposición de carteles de la materia Desarrollo de Proyectos en la licenciatura de Ingeniería Ambiental-facultad de Ingeniería  UASLP.  
143,96BA-EB25A6DA1F69,Distinción como miembro fundador activo del grupo de ayuda mutua de industriales “Control de emergencias en el trasporte de materiales peligrosos (CETMAP)”.  
144,96BA-EB25A6DA1F69,Asignación como Juez encuentro nacional de brigadas de empresa mineras. “Prueba de rescate minero subterránea en la XII competencia de cuadrillas de Rescate minero subterránea y primeros auxilios”.  Durante  los días 21 al 23 de septiembre del 2011. Cámara
145,96BA-EB25A6DA1F69,Miembro fundador de la Asociación de Empresas Potosinas con Certificación de Industria Limpia (ASEPCIL). en el estado S.L.P. (2da Asociación a nivel Nacional  reconocido por la PROFEPA)  documento en acta a resguardo de la PROFEPA. 
151,8B07-A4FEB5EE43AD, 2019.- Reconocimiento por la participación como Juez en la “XIV Competencia de Cuadrillas de Rescate de Minero Subterráneo y de Primeros    Auxilios”  
152,8B07-A4FEB5EE43AD, 2019.- Reconocimiento por la participación en la conferencia “Deslizamiento de Laderas en la Región Mixteca  en la porción Noreste de Oaxaca entre los limites de los terrenos Mixteca-Oaxaca  Sur de México”  
153,BC92-8E3D54432C8E,2020 obtención del nivel IV en la beca al desempeño docente.
154,8E44-4CD5A2183D30,Perfil Promep-Prodep 2022-2028
155,8E44-4CD5A2183D30,Miembro del Sistema Nacional de Investigadores (2002-2026) Nivel II.
170,9F2E-690464EFFA85,DISTINCIONES DE CARACTER INTERNACIONAL    IAVCEI/IAS. 2nd International Maar Conference. Hungary-Slovakia-Germany  2nd award for the best student poster presentation. September 2004.  BECA CONACYT/SFERE. Para realizar estudios de doctorado (duración 4 años
171,9F2E-690464EFFA85,DISTINCIONES  DE CARACTER NACIONAL  Programa al Desempeño Docente (PRODEP).   Nivel 1. Años 2020 y 2019.  XX Reunión Nacional 2013 SELPER  Sociedad Latinoamericana de Percepción Remota y sistemas de Información espacial  Capitulo México. 2do lugar en la pr
172,9F2E-690464EFFA85,BECAS NACIONALES  BECA SEP-Complemento. Para realizar estudios de posgrado (2 años: septiembre 2004-septiembre 2006).  BECA CONACYT. Para realizar estudios de maestría (2 años: septiembre 1997 - septiembre 1999).  BECA UNAM/Instituto de Geología. Para real
177,9F2E-690464EFFA85,DISTINCIONES DE CARACTER LOCAL   UASLP. Facultad de Ingeniería. Mención honorífica en la defensa de tesis de licenciatura. Junio 1995.   UASLP. Facultad de Ingeniería. Reconocimiento por dedicación y desempeño en la Carrera de Ingeniero Geólogo. Julio 1993
178,B0BC-B5007BAAE968,Reconocimiento como Asesor de proyectos académicos del Área Civil en el semestre 2019-2020/I. (Diciembre 2019)
179,B0BC-B5007BAAE968,"Reconocimiento como Asesor de Trabajos en el ""Concurso de carteles e proyectos de Ingeniería en Geomática/Geoinformática"" (Octubre 2019)"
180,B0BC-B5007BAAE968,Reconocimiento como Asistente al Coloquio Institucional ECOS. Experiencias Docentes. (Septiembre 2019)
181,B0BC-B5007BAAE968,Reconocimiento como Evaluador en el 7o. Encuentro de Jóvenes Investigadores en el estado de San Luis Potosí. (Septiembre 2019)
182,B0BC-B5007BAAE968,Reconocimiento como Asistente al Primer Coloquio Institucional ECOS. Experiencias Docentes. (Noviembre 2018)
183,B0BC-B5007BAAE968,Reconocimiento como Evaluador en el 6o. Encuentro de Jóvenes Investigadores en el estado de San Luis Potosí. (Septiembre 2018)
184,B0BC-B5007BAAE968,Constancia como Jurado Evaluador del Desarrollo de Proyecto de Ingeniería de las carreras de Ingeniería en Geoinformática e Ingeniería en Topografía y Construcción. (Diciembre 2017)
185,B0BC-B5007BAAE968,Reconocimiento como Evaluador durante el 5o. Encuentro de Jóvenes Investigadores en el estado de San Luis Potosí. (Septiembre 2017)
186,B0BC-B5007BAAE968,"Constancia como Evaluador de ""Proyecto Integrador"" de las carreras de Ingeniería en Topografía y Construcción e Ingeniería en Geoinformática. (Mayo 2017)"
187,B0BC-B5007BAAE968,"Reconocimiento como Organizador del curso ""Topografía con Equipo GPS y Estación Total"". (Octubre 2016)"
188,966D-6081F3B5473F,Reconocimiento a Perfil Deseable (PROMEP)  Secretaría de Educación Pública  otorgado por el período del 7/09/2019 al 6/09/2022.
189,966D-6081F3B5473F,Reconocimiento a Perfil Deseable (PROMEP)  Secretaría de Educación Pública  otorgado por el período del 7/10/2013 al 6/10/2019.
190,966D-6081F3B5473F,Reconocimiento a Perfil Deseable (PROMEP)  Secretaría de Educación Pública   otorgado por el período del 30/07/2010 a 30/07/2013
191,966D-6081F3B5473F,Líder del Cuerpo Académico “Geodinámica y Evolución de la Corteza” que obtiene nombramiento de Cuerpo Académico Consolidado  otorgado por SES-PROMEP de la Secretaría de Educación Pública  por un período de 5 años.
192,966D-6081F3B5473F,Líder del Cuerpo Académico “Geodinámica y Evolución de la Corteza” que obtiene nombramiento de Cuerpo Académico Consolidado  otorgado por SES-PROMEP de la Secretaría de Educación Pública  por un período de 5 años.
193,966D-6081F3B5473F,Investigador Nacional Nivel II  Consejo Nacional de Ciencia y Tecnología  otorgado por el período del 01/01/2018 al 31/12/2022
194,966D-6081F3B5473F,Investigador Nacional Nivel II  Consejo Nacional de Ciencia y Tecnología  otorgado por el período del 01/01/2014 al 31/12/2017
195,966D-6081F3B5473F,Investigador Nacional Nivel I  Consejo Nacional de Ciencia y Tecnología  otorgado por el período del 01/01/2010 al 31/12/2013.
196,966D-6081F3B5473F,Evaluador de Becas para Retenciones 2019-1 CONACyT. Julio 2019
197,966D-6081F3B5473F,Evaluador de solicitud de Beca convocatoria CONACyT-Gobierno Francés 2016. Junio 2016
198,966D-6081F3B5473F,Evaluador de solicitudes de Beca CONACyT al extranjero  segundo período. Julio 2012
199,966D-6081F3B5473F,Evaluador de solicitudes de Beca CONACyT al extranjero. Abril 2012
204,8124-EC5803EE2762,Profesor Hora Clase y Técnico Académico Nivel B  Nombramiento 
205,997A-AB1828654532,Distinción: Participación en el “II curso de formación de jueces universitarios para competencias de cuadrillas de Rescate Minero Subterráneo”  efectuado por CAMIMEX en Guadalupe  Zacatecas  los días 19 y 20 de marzo de 2020.
206,997A-AB1828654532,Distinción: participación como “Juez” en la IV Competencia Regional de la Zona Centro-Sur de Cuadrillas de Rescate Minero Subterráneo y de Primeros Auxilios  celebrado por la Cámara Minera de México (CAMIMEX)  en Ciudad de Durango  Dgo.  los días 18 al 20 
207,997A-AB1828654532,Distinción: participación como “Juez” en la prueba de rescate minero subterráneo  para la XII Competencia de Cuadrillas de Rescate Minero Subterráneo y de Primeros Auxilios  celebrado por la Cámara Minera de México (CAMIMEX)  en el Municipio de Torreón  Co
208,997A-AB1828654532,Carta de reconocimiento como becario-CONACYT por haber obtenido el grado Maestro en Ciencias en Geología Aplicada  conferido por la Universidad Autónoma de San Luis Potosí  mediante el apoyo de becas del programa CONACYT durante el periodo de enero 2010 a 
209,9C1B-696DA8166949,PREMIO REGIONAL DE EDUCACIÓN 15 DE MAYO DE 2014
210,BE57-96B19C4BE341,RECONOCIMIENTO POR LA FUNDACIÓN TRAYECTORIA DEL ÉXITO PARA ESTUDIANTES DE ALTO DESEMPEÑO 2007
211,A671-CCC4DB53F52B,Miembro del Sistema Nacional de Investigadores  Nivel II
212,A671-CCC4DB53F52B,Perfil Prodep 2023-2025
213,8B9E-D37B05FCF21B,PRESEA RAFAEL NIETO COMPEÁN 2020 - UNA VIDA EDUCANDO EN LA LIBERTAD. POR MIS 28 AÑOS DE ANTIGÜEDAD INSTITUCIONAL.
214,8B9E-D37B05FCF21B,RECONOCIMIENTOS DESDE 2004 – 2019 - PARTICIPACIÓN COMO APLICADOR ANUALMENTE – EXAMEN DE INGRESO A LA LICENCIATURA (EXANI-II  ADMISIÓN  INGLÉS/DUI).  UNIVERSIDAD AUTÓNOMA DE SAN LUIS POTOSÍ
217,86D1-5462E241766C,Miembro del Comité de Expertos del área VII de Ciencias de Ingeniería de CONACYT. Proyectos de Investigación en Ciencia Básica  convocatorias 2006  2008  2009  2010  2013  2014.
218,86D1-5462E241766C,Distinguido como “Editor’s Award” por la revista Kybernetica del artículo “A Lyapunov- based design tool of impedance controllers for robot manipulators”. Kybernetica. Vol. 48  No. 6  pp. 1136-1155  December 2012.
219,86D1-5462E241766C,Beca Fulbright-García Robles para la realización de una estancia de investigación en el Massachusetts Institute of Technology. Septiembre 2007- Agosto 2008
220,9FD7-04AA740996E7,Diploma al Mejor Estudiante de la Maestría en Administración de la Universidad Autónoma de San Luis Potosí en el año 2002
221,9FD7-04AA740996E7,Reconocimiento por el Alto Promedio obtenido en los estudios de Bachillerato en la Preparatoria Piloto No.2 de la Universidad Autónoma de San Luis Potosí
222,86D1-5462E241766C,Diploma por “mejor profesor” en la carrera de Ingeniero Mecánico Electricista. Área Mecánica y Eléctrica de la Facultad de Ingeniería. Mayo de 2006.
223,86D1-5462E241766C,Presidente de la Asociación Mexicana de Robótica A.C. de Agosto de 2003 a Octubre de 2005.
224,86D1-5462E241766C,Reconocimiento por haber obtenido el primer lugar en el concurso de posters con el trabajo “Control basado en Visión de robots Industriales con Interfaz en Internet”. Encuentro Internacional de Ciencias de la Computación ENC 2004.
225,86D1-5462E241766C,Reconocimiento por haber asesorado la tesis de Maestría en Ingeniería Eléctrica del Sr. Sergio Rolando Cruz Ramírez  la cual obtuvo el 2º lugar en el XXI Certamen Nacional de Tesis  en el área de Informática y Control. Diciembre 11 de 2002.
226,86D1-5462E241766C,Ganador del Premio Universitario a la Investigación Científica y Tecnológica en la Modalidad de Investigación Tecnológica en la categoría de Investigador Joven. Universidad Autónoma de San Luis Potosí. Septiembre de 2002.
227,86D1-5462E241766C,Miembro del Comité de Evaluación en el área de Modernización Tecnológica del Sistema de Investigación Miguel Hidalgo de CONACYT  en 2001 y 2002.
228,86D1-5462E241766C,Dictaminador del “Premio Alejandrina a la Investigación y a la Creación Artística 2001” en el área de Ciencia y Tecnología. Santiago de Querétaro  Qro.  Junio de 2001.
229,86D1-5462E241766C,Beca Rice-Cullimore otorgada por ASME Auxiliary Inc. en Agosto de 1991. 
230,86D1-5462E241766C,Diploma por obtener el promedio más alto a nivel maestría en la Universidad de Guanajuato  durante el periodo comprendido de Agosto de 1989 a Julio de 1990.
231,86D1-5462E241766C,Diplomas por obtener el promedio más alto durante todo el periodo de licenciatura en Ingeniería Mecánica en la Universidad de Guanajuato durante el periodo comprendido de Agosto de 1982 a Julio  de 1986.
232,8786-0DCD2FE4090B,ASISTENCIA AL CURSO  DE  GEOFISICA APLICADA A LA GEOHIDROLOGIA  DEL 4 AL 7 DE DICIEMBRE DE 1990  EN LA FACULTAD DE INGENIERIA DE LA UASLP  CON DURACION DE 40 HORAS.
233,8786-0DCD2FE4090B,RECONOCIMIENTO POR LA PARTICIPACIÓN EN EL SEMINARIO INTERNACIONAL DE GEOLOGÍA ECONÓMICA  IMPARTIDO POR RONALD RANTA  FACULTAD DE INGENIERÍA  UASLP  25 DE MARZO DE|992
234,8786-0DCD2FE4090B,PARTICIPACIÓN EN EL CURSO: INTERPRETACIÓN DE ANOMALÍAS MAGNETOMETRICAS. DEL11 AL15 DE ENERO DE 1993  CON 40 HORAS DE DURACION. IMPARTIDO EN EL INSTITUTO DE GEOLOGÍA  DE LA FACULTAD DE INGENIERÍA DE LA UASLP.
235,8786-0DCD2FE4090B,ASISTENCIA AL CURSO: SISTEMAS ORO-COBRE  EN LA CUENCA INTRACONTINENTAL DEL SUROESTE DEL PACIFICO  CELEBRADO EL 29 Y 30 DE SEPTIEMBRE DE 1998  EN GUADALAJARA JAL. MÉXICO.
236,8786-0DCD2FE4090B,ASISTENCIA AL CURSO TALLER DE: MANEJO ECOLÓGICO INTEGRAL DE CUENCAS HIDROLÓGICAS POR TELEDETECCION  IMPARTIDO EN EL CENTRO DE PROYECTOSCIENTIFICO S APLICADOS S.C. DEL 28 DE FEBRERO AL 3 DE MARZO DEL 2000  EN MEXICO D.F.
237,8786-0DCD2FE4090B,CONSTANCIA DE ASISTENCIA AL CURSO: LOS YACIMIENTOS VULCANOSEDIMENTARIOS( VMS )  EN MEXICO  LOS DIAS 24 AL 26 DE NOVIEMBRE DEL AÑO 2005  EN LA UNIVERSIDAD AUTONOMA DE ZACATECAS.  CON VALOR CURRICULAR DE 20 HORAS.
238,8786-0DCD2FE4090B,DIPLOMA POR ASISTENCIA AL CURSO DE: EVALUACIÓN DE PROYECTOS MINEROS  DEL 22 AL 24 DE MAYO DEL 2000  CON VALOR CURRICULAR DE 20 HORAS.  EN LA ESCUELA DE INGENIERÍA DE MINAS Y METALURGIA Y GEOLOGÍA  EN LA UNIVERSIDAD AUTÓNOMA DE ZACATECAS
239,8786-0DCD2FE4090B,CONSTANCIA DE ASISTENCIA AL CURSO: EL ESTADO ACTUAL DEL CONOCIMIENTO DE LOS DIFERENTES TIPOS DE YACIMIENTOS MINERALES  IMPARTIDO EN EL DEPARTAMENTO DE GEOLOGÍA. DEL 6 AL 10 DE FEBRERO DEL 2006  CON UNA DURACIÓN DE 40 HORAS. UNIVERSIDAD DE SONORA. MÉXICO.
240,8786-0DCD2FE4090B,CONSTANCIA POR ASISTENCIA AL CURSO: TECNICAS GEOQUIMICAS EN GEOLOGIA Y EN EL ESTUDIO DE LOS YACIMIENTOS MINERALES  IMPARTIDO EN EL DEPARTAMENTO DE GEOLOGIA DEL 6 AL 10 DE MARZO DEL 2006  CON UNA DURACION DE 40 HORAS. UNIVERSIDAD DE SONORA  MEXICO.
241,8786-0DCD2FE4090B,DIPLOMA DE LA EMPRESA SOUTHERN COPPER- MINERA MÉXICO POR HABER CUBIERTO LOS REQUISITOS DEL PROGRAMA DE DIPLOMADO EN GEOLOGÍA ECONÓMICA  CON UNA DURACIÓN DE 120 HORAS.  ENERO 2009  UNIVERSIDAD DE SONORA  MÉXICO
242,8786-0DCD2FE4090B,RECONOCIMIENTO POR LA PARTICIPACIÓN EN EL ENTRENAMIENTO DE SEGURIDAD RADIOLÓGICA PARA EL USO Y OPERACIÓN DEL EQUIPO ANALIZADOR DE MATERIALES MARCA NITON. MONTERREY N.L AGOSTO 2008
243,8786-0DCD2FE4090B,PARTICIPACIÓN EN EL CURSO: ACTUALIZACIÓN DE POLÍTICAS Y NORMATIVIDAD AMBIENTAL EN MINERÍA  EL DÍA 4 DE JULIO DE 2008  CON UNA DURACIÓN DE 5 HORAS  FIDEICOMISO DE FOMENTO MINERO DEL ESTADO  SAN LUIS POTOSÍ  MÉXICO.
244,8786-0DCD2FE4090B,DIPLOMA POR PARTICIPAR EN EL CURSO EN GEOLOGÍA ESTRUCTURAL  DESARROLLADO POR LA ASOCIACIÓN DE INGENIEROS DE MINAS  METALURGISTAS Y GEOLOGOS DE MÉXICO  A.C Y LA SRK CONSULTING. ZACATECAS  MÉXICO A 9 DE SEPTIEMBRE DE 2011.
245,8786-0DCD2FE4090B,CONSTANCIA POR PARTICIPACIÓN EN EL CURSO DE PERCEPCIÓN REMOTA  APLICADA A LA EXPLORACIÓN MINERA  REALIZADO DEL 12 AL 16 DE DE AGOSTO DE 2013  POR LA UNIVERSIDAD AUTÓNOMA DE SAN LUIS POTOSÍ  MÉXICO.
246,8786-0DCD2FE4090B,CONSTANCIA DE COMPETENCIAS O DE HABILIDADES LABORALES  DESARROLLADO POR INDUSTRIAL MINERA MÉXICO  EL DÍA 7 DE ENERO DEL 2014  POR HABER APROBADO EL CURSO: LEY DE RESPONSABILIDAD AMBIENTAL CONTEXTO Y CONSECUENCIAS. SAN LUIS POTOSÍ  MÉXICO.
247,8786-0DCD2FE4090B,RECONOCIMIENTO POR LA PARTICIPACIÓN COMO INSTRUCTOR EN EL CURSO: EXPLORACIÓN GEOLÓGICA SUPERFICIAL  DESARROLLADO DEL 12 AL 23 DE MARZO DE 2018  CON UNA DURACIÓN DE 30 HORAS ORGANIZADO POR LA UASLP. ( FACULTAD DE INGENIERÍA) SAN LUIS POTOSÍ  MÉXICO.
248,9342-061E0F0BC6B4,Mención Honorífica por haberse distinguido en su actividad académica durante sus estudios de Bachiller.
249,9342-061E0F0BC6B4,Mención Honorífica por haberse distinguido en su actividad académica durante sus estudios de Ingeniería en Mecatrónica.
250,9342-061E0F0BC6B4,Diploma por haber obtenido el 2do lugar en aprovechamiento de la carrera de reparación de motores a gasolina.
259,8DDE-294DB0FB421C,Reconocimiento: Organizador de la Semana Estatal de Ciencia y Tecnología 2019
260,8DDE-294DB0FB421C,"Constancia: Expositor en vista a Laboratorios en el evento nacional ""Puertas abiertas""  Posgrados de Ingeniería a tu alcance 2019."
261,8DDE-294DB0FB421C,"Constancia: Apoyo brindado en logística en el evento nacional ""Puertas abiertas""  Posgrados de Ingeniería a tu alcance 2019."
262,8DDE-294DB0FB421C,Reconocimiento: Organizador de la XXV Semana Nacional de Ciencia y Tecnología 2018.
263,8DDE-294DB0FB421C,Reconocimiento: Organizador de la Jornada de Puertas abiertas 2018 en Licenciatura.
264,8DDE-294DB0FB421C,"Constancia: Apoyo brindado en la logística en el evento Nacional ""Puertas abiertas"" Posgrados de Ingeniería a tu alcance 2018."
265,8DDE-294DB0FB421C,"Reconocimiento: Coordinación de actividades en ""Jornada de puertas abiertas""  Mi futuro  unicamente mi decisión 2018. "
266,8DDE-294DB0FB421C,Reconocimiento: Organizador de la XXIV Semana Nacional de Ciencia y Tecnología 2017.
267,8DDE-294DB0FB421C,"Reconocimiento: Organizador del evento nacional ""Puertas abiertas"" Posgrados de Ingeniería a tu alcance 2017."
268,8DDE-294DB0FB421C,Reconocimiento: Miembro del Comité Organizador interno de la Facultad de Ingeniería de la XXIII Semana Nacional de Ciencia y Tecnología 2016.
269,8DDE-294DB0FB421C,Reconocimiento: Ponente Visita a los Laboratorios de Posgrado de la Facultad de Ingeniería en el marco del Verano de la Ciencia 2016.
270,8DDE-294DB0FB421C,Reconocimiento: Participación en la Semana del Instituto de Investigación y Comunicación Óptica (IICO) 2016.
273,BB8F-435F127F2A7E,(1995) UASLP – 2º Lugar en la Carrera de Ingeniero Mecánico  
274,BB8F-435F127F2A7E,(2003) CENEVAL – Testimonio de Alto Rendimiento Académico  
275,BB8F-435F127F2A7E,(2017-2018/II) UASLP – 3er Lugar Proyecto Integrador en Proyectos de Orientación al Beneficio Social
276,BB8F-435F127F2A7E,(2018-2019/I) UASLP – 2o Lugar Proyecto Integrador en Proyectos de Orientación al Beneficio Social  
277,BB8F-435F127F2A7E,(2018-2019/I) UASLP – 2o Lugar Proyecto Integrador en Proyectos Comerciales  
278,BB8F-435F127F2A7E,(2018-2019/I) UASLP – 1er Lugar Proyecto Integrador en Proyectos Didácticos   
279,BB8F-435F127F2A7E,NULL
280,B311-E68931130BE5,NIVEL EN EL S. N. I.  Investigador Nacional ininterrumpidamente a partir de diciembre de 1999 a la fecha  (Registro 20194)  Ingeniería y Tecnología  
281,B311-E68931130BE5,Perfil PRODEP
282,B311-E68931130BE5,Segundo lugar dentro del marco del XX Encuentro Nacional y XI Iberoamericano de Investigación en Odontología  con el trabajo: Eficacia de limpieza en canales radiculares ovalados con sistema auto-ajuste (SAF): Evaluación microbiológica y microscópica. Moda
285,B311-E68931130BE5,Primer lugar en área de Ciencias Básicas con el trabajo: “Evaluación de la formación in vitro de biofilm polimicrobiano de infecciones endodónticas secundarias. Modalidad presentación oral de tesis de trabajo de maestría. XVII Encuentro Nacional de Investi
286,B311-E68931130BE5,Segundo lugar en área de Ciencias Básicas con el trabajo: “Evaluación de la formación de biofilm de Candida Albicans por cuantificación de azúcares  proteínas  y observaciones al MEB. XVII Encuentro Nacional de Investigación en odontología VIII Iberoameric
287,B311-E68931130BE5,Premio Alejandrina 2008  Tercer lugar en el Área de Ciencias Exactas y Ambientales con el trabajo: “Caracterización por SEM-EDS de aeropartículas antrópicas de la fracción respirable en la Ciudad de Querétaro y su relación con fuentes contaminantes. Santia
288,B311-E68931130BE5,Primer lugar en sesión de posters en el marco del XVI International Materials Research Congress/ VI Congress of Nace Internacional- Section Mexico  30 de Octubre de 2007.
289,B311-E68931130BE5,Premio AIDIS (Asociación Interamericana de Ingeniería Sanitaria y Ambiental) en el marco del XV Congreso Nacional FEMISCA 2006  Guadalajara  Jalisco.
290,B311-E68931130BE5,Premio al mejor trabajo del congreso nacional en el marco del XV Congreso Nacional FEMISCA 2006  Guadalajara  Jalisco.
291,BA70-1B37D5E82DBC,Eaton Machining Area receive the recognition of Best Quality Area in the plant 2018 and 2019    
292,BA70-1B37D5E82DBC,EATON gets the AWARD as the BEST SUPPLIER by Paccar  DTNA and Navistar.
293,BA70-1B37D5E82DBC,EATON SLP Plant received the MEXICO ´s NATIONAL QUALITY AWARD.
294,BA70-1B37D5E82DBC,Mejor Alumno de la Maestria Planeacion y Sistemas en el Ciclo Escolar 2002-2003
295,BA70-1B37D5E82DBC,3er Lugar como mejor proyecto A3 en 2017
296,BA70-1B37D5E82DBC,1er Lugar como la mejor area de la planta Eaton SLP - 2018
297,BA70-1B37D5E82DBC,1er Lugar como la mejor area de la planta Eaton SLP - 2019
298,BA70-1B37D5E82DBC,Participación en el 2do foro de Ingenieria en el ITSLP - 2015
299,BA70-1B37D5E82DBC,Habilidades como líder en EATON por lograr el mas alto puntaje en su equipo de trabajo Great Place to Work - 2018
300,BA70-1B37D5E82DBC,"Participación como expositor de la conferencia ""Estrés Laboral"" por el Area Mecánica-Eléctrica 2019 de la UASLP."
301,8196-F135D52B74FE,Pertenecer al Sisitema Nacional de Investigadores en nivel I a partir del 2000
302,8196-F135D52B74FE,Pertenecer al CUCA de la UASLP desde el año 2008
303,8196-F135D52B74FE,Haber participado en la beca al desempeño académico desde el 2002 y haber sido sujeto de dicho apoyo desde ese año hasta la fecha.
304,8196-F135D52B74FE,Premio al mejor egresado de licenciatura en la carrera de Ingeniero Metalurgista  de Transformación de 1988 por parte del Ateneo Nacional de la Juventud  A.C.
305,AE8D-E5CD887CE287,"CONSTANCIA COMO PARTE DEL COMITÉ ORGANIZADOR  En la fase Estatal de ""ExpoCiencias"" San Luis Potosí  septiembre de 2019."
306,AE8D-E5CD887CE287,Reconocimiento  Comité Organizador en el XLI Concurso Regional Pauling de Física y Matemáticas “Bernardo José Luis Arauz Lara” celebrado del 07-11 de Junio del 2019.
307,AE8D-E5CD887CE287,Reconocimiento participando como Evaluador en el XLI Concurso Regional Pauling de Física y Matemáticas “Bernardo José Luis Arauz Lara” celebrado del 07-11 de Junio del 2019.
308,AE8D-E5CD887CE287,CONSTANCIA COMO EVALUADOR DE PROYECTOS DE CIENCIAS  En la fase Estatal de ExpoCiencias San Luis Potosí  19 de septiembre de 2019.
309,AE8D-E5CD887CE287,"Constancia de difusión de la carreras I.M.A impartiendo 4 platicas dentro de la jornada ""Pertas Abiertas 2019""  del 21 al 25 de octubre."
310,AE8D-E5CD887CE287,Reconocimiento  Aplicador del examen de Ubicación de ingles  7 sep. 2019
311,AE8D-E5CD887CE287,Constancia como APLICADOR en el EXANI-II 2019-2020
312,AE8D-E5CD887CE287,"Reconocimiento  Por haber apoyado como profesor al equipo que obtuvo el 2° lugar en el concurso de prototipos de la asignatura ""Proyecto Integrador"" en la modalidad de ""Proyectos de Orientación a la Educación""  ciclo 2019-2020-I"
313,AE8D-E5CD887CE287,"Reconocimiento  Por haber apoyado como profesor al equipo que obtuvo el 3er lugar en el concurso de prototipos de la asignatura ""Proyecto Integrador"" en la modalidad de ""Proyectos de Orientación a la Educación""  ciclo 2019-2020-I"
314,AE8D-E5CD887CE287,"Reconocimiento  curso de formación virtual ""Habilidades para la empleabilidad del siglo XXI""  Fundación Wadhwani  octubre 2020"
315,AE8D-E5CD887CE287,"Reconocimiento  Por haber apoyado como profesor al equipo que obtuvo el 3er lugar en el concurso de prototipos de la asignatura ""Proyecto Integrador"" en la modalidad de ""Proyectos de Beneficio Social""  ciclo 2020-2021-I"
316,AE8D-E5CD887CE287,"Reconocimiento  Por haber apoyado como profesor al equipo que obtuvo el 1er lugar en el concurso de prototipos de la asignatura ""Proyecto Integrador"" en la modalidad de ""Proyectos de Beneficio Social""  ciclo 2020-2021-I"
317,BAE6-8C795CF7F1B0,"Doctor ""Honoris Causa"" otorgado por el Centro de Investigaciones Científicas de Yucatan CICY - Conacyt"
318,9D58-CCD553319E8A,Investigador Nacional Nivel I del CONACYT  2023 a la fecha
319,9D58-CCD553319E8A,Perfil Promep  2019 a la fecha
320,B176-B8E05100F393,1er lugar por presentación de póster en el Intenational Congress on Transdiciplinary Nanoscience and Nanotechnology
321,BAE6-8C795CF7F1B0,Reconocimiento otorgado por Thomson Scientific.  In Recognition of Your Commitment to Scientific and Scholarly Reserch in Mexico  En reconocimiento a su compromiso con la investigación científica y académica en México
322,B548-C001774C5E41,Reconocimiento por haber participado en labores de rescate en una mina de oro a cielo abierto
323,8DDE-294DB0FB421C,Reconocimiento: Organizador de la XXII Semana Nacional de Ciencia y Tecnología SNCyT 2015
324,8DDE-294DB0FB421C,Reconocimiento: Organizador de la XXI Semana Nacional de Ciencia y Tecnología SNCyT 2014.
329,A5FA-EAC89503903B,Investigador Nacional SNI CONACyT Nivel 2
330,A5FA-EAC89503903B,Perfil PRODEP priodo 2020-2025
331,A5FA-EAC89503903B,"Membro del ""Adjunt Graduate Faculty"" of Boise State University (Idaho  EU) 2017-2024"
332,A5FA-EAC89503903B,Royal Society Fellowship 2018-2024
334,8A8A-8FC56D337994,SE LE OTORGA A LA ME ANA MARÍA GUADALUPE LOPEZ HERNÁNDEZ  RECONOCIMIENTO COMO MUJER POTOSINA DEL AÑO 2021 EN EL ÁMBITO DE DESARROLLO ACADÉMICO POR EL GOBIERNO DEL ESTADO DE SAN LUIS POTOSÍ   OTORGADO POR  EL INSTITUTO DE LAS MUJERES DEL ESTADO DE SAN LUIS 
335,B548-C001774C5E41,RECONOCIMIENTO POR LA PARTICIPACIÓN DE LABORES DE RESCATE EN EL SISMO DE 2017 EN LA CD DE MÉXICO
336,B742-77A61FAC34E2,2021. Candidato a Investigador. Sistema Nacional de Investigadores
337,95A7-77393E09179F,Descripción:   Aceptación como Consultor COMPITE. CONACYT y SECOFI. 2000.
338,95A7-77393E09179F,"Descripción:   Premio al ""Mejor Estudiante de México"". CONACYT y Diario de México y ANUIES. 1992."
339,95A7-77393E09179F,Descripción:   Premio Anual de Calidad IMA. Facultad de Ingeniería UASLP. 1992.
340,AAA3-DB11D6BC67F5,SNI Nivel 1. 01 de Enero de 2018 al 31 de Diciembre de 2021
341,AAA3-DB11D6BC67F5,1er Lugar Concurso de Carteles de Investigación 8° Congreso Nacional de Ciencias Químico Biológicas. 
342,AAA3-DB11D6BC67F5,Líder del Grupo de Divulgación Tecnoacuáticos de Ingeniosos Divulgado de la facultad de Ingeniería. 2014 a la Fecha.
343,97E6-BE6410B7CB46,Ganador del Premio Nacional del Trabajo 2013  con el proyecto “Control de  esponjamiento de lodos microbiológicos (bulking) en un proceso de lodos activados en el  tratamiento de aguas residuales”.
344,9545-82F9E09C6B90,Testimonio de desempeño sobresaliente - EGEL/IME
345,9545-82F9E09C6B90,Titulación con honores del grado de maestría
346,B3EB-46E84FA1E847,Reconocimiento otorgado por la UASLP por ser el profesor del equipo que obtuvo el primer lugar en la modalidad de Proyectos de orientación didáctica de la decimocuarta Expo-Proyecto Integrador  con el proyecto “Diseño de un horno de resistencias para el la
347,B3EB-46E84FA1E847,Beca otorgada por el CIEP para el pago de titulación de maestría  septiembre 2020.
348,B3EB-46E84FA1E847,Beca de maestría por dos años otorgada por CONACYT  2018 - 2020.
349,B3EB-46E84FA1E847,Apoyo de manutención otorgado por el CIEP para asistir al XXV Congreso Anual de la División de Dinámica de Fluidos. Querétaro  México  noviembre 2019.
350,B3EB-46E84FA1E847,Reconocimiento a la excelencia académica otorgado por la ANFEI  “por haber sido el mejor egresado de la licenciatura en Ingeniería Mecánica Eléctrica de su institución en el año 2018”  junio 2019.
351,B3EB-46E84FA1E847,Constancia otorgada por la UASLP por haber alcanzado el grado de Ingeniero Mecánico Electricista  por la facultad de Ingeniería  bajo la modalidad de Exención de examen por promedio  registrado en el tomo XIV acta No. 34  junio 2018.
352,B3EB-46E84FA1E847,Reconocimiento otorgado por la UASLP por haber obtenido un promedio sobresaliente de 9.11/10  distinguido como el promedio más alto de la carrera de Ingeniero Mecánico Electricista generación 2013 y promedio más alto del área Mecánica Eléctrica de la Facul
353,B3EB-46E84FA1E847,Reconocimiento otorgado por la UASLP por obtener el primer lugar en la modalidad de Proyectos de orientación comercial de la novena Expo-Proyecto Integrador  con el proyecto “Incubadora para huevos de gallina”  ocupando el puesto del líder del equipo  mayo
354,B3EB-46E84FA1E847,Becas de excelencia académica otorgadas por la UASLP para el pago de inscripciones.
355,B3EB-46E84FA1E847,Reconocimientos anuales otorgados por la UASLP como promedio más alto de carrera por generación.
356,A0E2-3B2B72FBE841,Por  la  Universidad  Autónoma  de  San  Luis  Potosí   por  demostrar  su  alto  espíritu   universitario y haber alcanzado con base a su trabajo  responsabilidad y compromiso  la   distinción de Alumno de Excelencia  al obtener el más alto promedio de su
357,A0E2-3B2B72FBE841,Por  la  Universidad  Autónoma  de  San  Luis  Potosí   por  demostrar  su  alto  espíritu   universitario y haber alcanzado con base a su trabajo  responsabilidad y compromiso  la   distinción de Alumno de Excelencia  al obtener el más alto promedio de su
358,A0E2-3B2B72FBE841,Por la Facultad de Ciencias Sociales y Humanidades  otorga el reconocimiento a Rogelio   Santana  Arias  por  haber  obtenido  el  Segundo  Mejor  Promedio  de  la  Licenciatura  en   Geografía  generación 2010. 
371,8F56-F9AA6096D2CA,2014-2025 Investigador Nacional Nivel I  - Sistema Nacional de Investigadores
372,8F56-F9AA6096D2CA,2011-2023 Perfil Deseable PRODEP   - Secretaría de Educación Pública
377,A0E2-3B2B72FBE841,Por la Universida de de Brasilia  Certifica-se que o trabalho Distribución geográfica del abuso  sexual  y  la  violencia  intrafamiliar  de  la  ZMSLP   México de  autoria  de Rogelio Santana  foi premiado como um dos 10 melhores  trabalhos apresentados n
378,BD6E-AD7EAD78C90B,Sistema Nacional de Investigadores SNI Nivel 1
379,B0BC-B5007BAAE968,Reconocimiento como Asesor de proyecto integrador  en la modalidad de proyectos de beneficio social semestre 2020-2021/II. Área Mecánica y Eléctrica. Junio 2021
380,A719-7932825DC436,Primer lugar como mejor maestro en la carrera de Ingeniero Industrial Administrador en el periodo otoño 2005  Universidad del Centro de México 2005  https://drive.google.com/file/d/0B6sdfuxYTYhvVVV6SGc2M0ZaLUk/view?resourcekey=0-SeL1Vp5uDMi1munq2ElsNg
381,A719-7932825DC436,Primer lugar como mejor maestro en la carrera de Ingeniero Industrial Administrador  Universidad del Centro de México 2006  https://drive.google.com/file/d/0B6sdfuxYTYhvV2NhSGFQenhNUnM/view?resourcekey=0-6aaycVYrjiDimnLabvzbxw
382,A719-7932825DC436,Primer lugar como mejor maestro en la carrera de Ingeniero Industrial Administrador en el periodo otoño 2006  Universidad del Centro de México 2006  https://drive.google.com/file/d/0B6sdfuxYTYhvdkN0Sng3Sm8yeGs/view?resourcekey=0-wlNXYMCEkupuc4TY-5tXiQ
383,A719-7932825DC436,Segundo lugar como mejor maestro en la carrera de Ingeniero Industrial Administrador en el periodo primavera 2007  Universidad del Centro de México 2007  https://drive.google.com/file/d/0B6sdfuxYTYhvVEhVcmJoSE90SHc/view?resourcekey=0-wJCkdg4A4Tpnk6RWSkf-rw
384,A719-7932825DC436,Segundo lugar como el mejor maestro en la carrera de Ingeniero Industrial Administrador en el periodo otoño 2008  Universidad del Centro de México 2008  https://drive.google.com/file/d/0B6sdfuxYTYhvX04ySk4xUHY1YW8/view?resourcekey=0-KvtLkxGsuOsq_7CcNw5mgg
385,A719-7932825DC436,Estudiante Ejemplar  Medalla Estudiantes Ejemplares Reconocimiento de Alto Desempeño 2008  https://drive.google.com/file/d/0B6sdfuxYTYhvTThCcEU3QU1FTFk/view?resourcekey=0-S1D-d7Fyu40I3_ZaWIYjWA
386,A719-7932825DC436,Visitas de Seguimiento a Proyectos apoyados   Consejo Potosino de Ciencia y Tecnología   2013  https://drive.google.com/file/d/16JJW2-H7Jxeg7YEnVVa43eRIjSay_NQy/view
387,A719-7932825DC436,Proporcionar espacios de divulgación científica y tecnológica Secretaría de Educación de Gobierno del Estado de San Luis Potosí 2017  https://drive.google.com/file/d/0B6sdfuxYTYhvdklmdDEzQVZpaE0/view?resourcekey=0-mBCiiX2ecWZ_-vzrGgOI5A
390,B9BF-2AC52A76BAD6,Candidato a Investigador Nacional  Conacyt 2019-2021 
391,B9BF-2AC52A76BAD6,Investigador Nacional - Nivel I - Conacyt  2022-2024
392,B9BF-2AC52A76BAD6,Mejor alumno de la carrera de Ingeniería Agroindustrial Generación 2004
393,B9BF-2AC52A76BAD6,CENEVAL - Testimonio de Desempeño Sobresaliente en EGEL 2009
394,B9BF-2AC52A76BAD6,Reconocimiento alcanzar el 3er lugar con su promedio de su generación 2009
395,B9BF-2AC52A76BAD6,Reconocimiento por el 1er Lugar en la modalidad de poster en el International Symposium on Agave con el Tema Rendimiento y composición de Agave salamiana Otto ex Salm Dyck y A. tequilana FAC Weber / 2016 
396,B9BF-2AC52A76BAD6,3er Lugar en el concurso de Carteles en el Área de Ciencias Agropecuarias del 9° Verano de la Ciencia Región Centro y 13° verano de la Ciencias UASLP / 2007  
397,BCB1-60E44234BC48,Primer Lugar del VIII Concurso Interuniversitario. Academia Mexicana de Cirugía.  Noviembre de 2017
398,BCB1-60E44234BC48,Primer Lugar modalidad de proyecto de Investigación. II Jornada Nacional de  Ciencia y Tecnología Agroindustrial. Noviembre de 2015
399,9FF4-644CD34EC2BB,Sistema Nacional de Investigadores nivel candidato 2021-2024
400,9BAB-6B6142FED5C5,Mención Honorífica del Premio 20 de noviembre certamen 2014. Francisco Estrada. Categoría en Ciencia. Gobierno del estado de San Luis Potosí.
401,A3EE-472804404128, Investigadora Nacional Nivel I (enero 2022 – diciembre 2024)
402,991C-FA129880F0E0,Trabajo de excelencia  por la excelente calidad y demostrar conocimientos sobresalientes al presentar la Tesis de licenciatura: “Análisis de Series de Tiempo con Redes Neuronales Artificiales”. 2009
403,AF96-D1BC7AFA1A2E,Miembro del Sistema Nacional de Investigadores (SNI) de enero del 2012 a diciembre del 2024.
404,BECB-C0B6A90CCD7C,Reconocimiento como miembro de la Red de Expertos Fulbright-García Robles  durante el año 2017-2018  Ciudad de México. 
405,BECB-C0B6A90CCD7C,Reconocimiento como Profesor de tiempo completo con Perfil Deseable  Secretaría de Educación Pública 2021
406,BECB-C0B6A90CCD7C,Distinción de Investigador Nacional Nivel I  El Sistema Nacional de Investigadores CONACYT  2022.
407,BECB-C0B6A90CCD7C,Reconocimiento como Profesor de tiempo completo con Perfil Deseable  Secretaría de Educación Pública 2015
408,BECB-C0B6A90CCD7C,Reconocimiento como miembro profesional de la Asociación for Computing Machinery (ACM)  Mayo de 2012.
409,BECB-C0B6A90CCD7C,Reconocimiento como miembro de la Red de Expertos Fulbright-García Robles  durante el año 2016-2017  Ciudad de México.
410,BECB-C0B6A90CCD7C,Reconocimiento como Profesor de tiempo completo con Perfil Deseable  Secretaría de Educación Pública 2018
411,BECB-C0B6A90CCD7C,Distinción de Investigador Nacional Nivel I  El Sistema Nacional de Investigadores CONACYT  2018.
412,BECB-C0B6A90CCD7C,Reconocimiento como asesor del proyecto ganador del 2do lugar en la categoría de Proyecto Integrador   2do Evento Virtual Expo CiComp Otoño 2020
413,8FA6-5A5255158C80,Miembro del Sistema Nacional de Investigadores (SNI)  Nivel I. 2021-2023
414,8FA6-5A5255158C80,Reconocimiento a Perfil Deseable  PRODEP  2018-2024
415,BECB-C0B6A90CCD7C,Distinción de Investigador Nacional Nivel I  1ro de Enero de 2022  Sistema Nacional de Investigadores  CONACYT  2022
416,BECB-C0B6A90CCD7C,Reconocimiento por haber sido asesor del proyecto ganador del 2do lugar en la categoría de Proyecto Integrador en el 2do evento virtual Expo CiComp otoño  9 de diciembre de 2020  Facultad de Ingeniería  Universidad Autónoma de San Luis Potosí  S.L.P  Méxic
417,BECB-C0B6A90CCD7C,"Reconocimiento como Facilitador en el ""Taller de elaboración de documentos científicos""  5 junio al 16 de julio de 2017  Verano de la Ciencia 2017  San Luis Potosí  S.L.P.  México."
418,BA96-DF2D5C0D20CC,PREMIO NACIONAL DE CIENCIA Y TECNOLOGÍA DE ALIMENTOS 2018 - CATEGORÍA PROFESIONAL EN TECNOLOGÍA DE ALIMENTOS 
419,A64D-412F84DB591F,Desempeño Docente 2015  por el Instituto Tecnológico de San Luis Potosí 
420,A64D-412F84DB591F,Felicitación por el desempeño docente semestre Agosto- Diciembre 2021  por parte del Instituto Tecnológico de San Luis Potosí
421,8535-4D66704CA1C0,"Líder de Divulgación: Grupo de divulgación ""NaveganTICs"" del Área de Ciencias de la Computación Facultad de Ingeniería  UASLP. Desde enero 2013"
423,8BFA-B0290238356D,"Premio al “Estímulo al Aprovechamiento Académico en el Aula 2020-2021""  Junio 2022"
424,8BFA-B0290238356D,Mejor promedio en Generación Maestrías  generación 2015-2016  otorgado por la Universidad Interamericana para el Desarrollo (UNID)  sede San Luis Potosí  2016.
425,8BFA-B0290238356D,Mejor promedio en Maestría en Educación  generación 2015-2016  otorgado por la Universidad Interamericana para el Desarrollo sede San Luis Potosí  2016.
426,8BFA-B0290238356D,Testimonio de Alto Rendimiento Académico en el 2do. Examen del CENEVAL (EGEL – INFO COMP)  2000.
428,95E4-6639588A7229,Participación como Ponente en la XXIV Semana Nacional de Ciencia y Tecnología realizada del 5 al 11 de octubre de 2017
429,95E4-6639588A7229,Participación como Ponente en la XXV Semana Nacional de Ciencia y Tecnología realizada del 22 al 26 de octubre de 2018
430,94D6-EC76BCD5E666,Reconocimiento a pefil deseable. PRODEP. 2021
431,94D6-EC76BCD5E666,Pertenencia al Sistema Nacional de Investigadores. Nivel I. 2021
432,94D6-EC76BCD5E666,Reconocimiento al perfil Deseable. PRODEP. 2013
433,94D6-EC76BCD5E666,Pertenencia al Sistema Nacional de Investigadores. Nivel Candidato. 2013
434,94D6-EC76BCD5E666,"Premio ""Instrumentación y Electrónica 2021 Gustavo del Castillo y Gamma"". Instituto de Investigación en Comunicación Óptica."
435,AB58-C0CFB51A6607,Reconocimiento de perfil deseable
436,AB58-C0CFB51A6607,Candidato - Sistema Nacional de Investigadores
437,9847-C4B0B0FF4FB1,Ponenete en el 1° Congreso Nacional de Agroindustrias  Automatización y Agronegocios.  Coordinación Académica Región Altiplano Oeste  Noviembre 2016  
438,9847-C4B0B0FF4FB1,Ponente Expositores de Cartel. XVI Semana del IICO.  “Biofotónica  Ciencia y Aplicaciones”  Abril 2016  
439,9847-C4B0B0FF4FB1,Primer Lugar en la Categoría de Tecnología. Concurso de Exhibición de Carteles.   Secretaría de Investigación y de Posgrado  Noviembre 2015  
440,9847-C4B0B0FF4FB1,Ponente en la 22ª Semana Nacional de Ciencia y Tecnología  Secretaría de Investigación y Posgrado  Octubre 2015  
441,9847-C4B0B0FF4FB1,Participación como ponente en la “20º Semana Nacional de Ciencia y Tecnología 2013”  Secretaría de Investigación y de Posgrado UASLP  Octubre 2013  
442,9847-C4B0B0FF4FB1,Segundo lugar en el Premio de Instrumentación y Electrónica 2013  XIII Semana del IICO. “La óptica y sus aplicaciones”  Abril 2013  
443,9847-C4B0B0FF4FB1,Ponente en el Premio de Instrumentación y Electrónica 2013  XIII Semana del IICO. “La óptica y sus aplicaciones”  Abril 2013  
444,9847-C4B0B0FF4FB1,Tercer lugar en el Concurso de Carteles Enseñanza e Investigación  “Fís. Candelario Pérez Rosales”.  XII Semana del IICO   Abril 2011  
445,B5AB-202D985E099D,Beca para 1000 “Talents for the Development of Latin America and the Caribbean organized by the Ministery of Foreign Affairs of Mexico and Huaewei”  abril 2022
446,993E-21D40A6E5A70,Testimonio de Alto Rendimiento Académico - EGEL
447,8EF8-283949590703,Organizador e instructor del curso Estructuras Dinámicas de Datos en la Fac de Ciencias UASLP 2019
448,8EF8-283949590703,Organizador e instructor del curso Algoritmos de Grafos en la Fac de Ciencias UASLP 2021
449,8EF8-283949590703,Organizador e instructor del curso Bases de Datos en la Fac de Ciencias UASLP 2021
450,8EF8-283949590703,Organizador e instructor del curso de Páginas Web en la Fac de Ciencias UASLP 2022
451,BECE-D25BEC34ACED,Mención Honorífica en estudios de Doctorado
452,B610-8E7B2AE0F220,Tercer lugar en Concurso de Instrumentación y electrónica 2022  realizado en el Instituto de Investigación en Comunicación Óptica (IICO) - UASLP
453,8521-6BDFB737A821,Evaluador de plenarias  Proyecto Integrador organizado por el Area Mecanica-Electrica
454,AD1A-452EF9CE43C4,Testimonio de Desempeño Sobresaliente obtenido en el Examen General para el Egreso de la Licenciatura en Ingeniería Computacional  otorgado por el Centro Nacional de Evaluación para la Educación Superior  A. C.  2010
455,8793-C272A821451E,Candidato a Investigador Nacional SNI C  Durante el periodo del primero de enero de dos mil veintidós al treinta y uno de diciembre de dos  mil veinticinco en reconocimiento a su capacidad para realizar investigación científica.
456,8D45-AE2193E5B62A,Investigador Nacional Nivel I  Consejo Nacional de Ciencia y Tecnología  México. Periodo: 01/2022 a 12/2026.
457,8D45-AE2193E5B62A,Reconocimiento a Perfil Deseable  PRODEP  Subsecretaría de Educación Superior  México. Periodo: 07/2017 a 07/2026.
458,A469-16CF6916B468,Miembro del Sistema Nacional de Investigadores (Nivel candidato). 2019-21
459,A469-16CF6916B468,Miembro del Sistema Nacional de Investigadores (Nivel I). 2022-24
460,A469-16CF6916B468,Perfil PRODEP 2006-2024
464,9AE5-47D36683045F,Reconocimiento a Perfil Deseable (PRODEP) 2019-2025.
465,9AE5-47D36683045F,Auditor de Calidad  realización de auditorías internas en la UASLP. Período 2015-2021.
466,8E77-F80D8117A6DB,Obtención de la presea Rafael Nieto Compeán por impartir cátedra durante mas de 30 años
467,955B-39B9328CD764,"Premio nacional de ciencia y tecnología de alimentos 2010  con el trabajo  Método asistido por ultrasonido para acelerar la deshidratación de chile habanero"""
468,955B-39B9328CD764,Mención honorífica en el Premio Nacional de Ciencia y Tecnología de Alimentos 2013 en la Categoría Profesional en Tecnología en Alimentos. Con el trabajo titulado “Diseño y construcción de un secador solar-híbrido de convección forzada para la deshidrataci
469,955B-39B9328CD764,Reconocimiento del Sen. Francisco Javier Castellón Fonseca  Presidente de la Comisión de Ciencia y Tecnología de la Cámara de Senadores de la República  por haber obtenido el premio Nacional en Ciencia y Tecnología de Alimentos 2010.
470,955B-39B9328CD764,Medalla Estudiantes Ejemplares 2011  Reconocimiento al alto desempeño. Otorgada por Trayectoria de Éxito S.C.
471,955B-39B9328CD764,Alumno de Excelencia 2011. Otorgado por el Lic. Mario García Valdez  Rector de la UASLP.
472,B9A2-F36AAE0846EF,NIVEL 1 DE ESTÍMULO CORRESPONDIENTE AL GRUPO DE PROFESORES ASIGNATURA 20H  PREDO VERSIÓN 2021
473,B9A2-F36AAE0846EF,NIVEL 1 DE ESTÍMULO CORRESPONDIENTE AL GRUPO DE PROFESORES ASIGNATURA 20H  PREDO VERSIÓN 2022
474,B7CA-3CB7A3551DA1,Premio CENEVAL a la Excelencia Académica 
475,ADBE-D146C9FA7317,Reconocimiento por parte de la UASLP por haberme distinguido como el mejor alumno de la carrera de Ingeniería Civil generación 2001.
476,ADBE-D146C9FA7317,Reconocimiento de la medalla al mérito universitario por parte de la UASLP.
477,ADBE-D146C9FA7317,Reconocimiento de la medalla al mérito universitario por parte de la Universidad Autónoma Metropolitana.
478,ADBE-D146C9FA7317,Certificate of Achievement por parte de la Portland Cement Association por haber cursado el programa: Usos Modernos del Concreto.
479,ADBE-D146C9FA7317,Reconocimiento por parte del Colegio de Ingenieros Civiles de México A.C. por el trabajo Simulación de Estructuras de Concreto Mediante Modelos de Daño Continuo.
480,886F-6E7FBCF85CA6,Brillante Trayectoria como alumno en la carrera de Ingeniero Civil  por parte del Colegio de Ingenieros Civiles en 1985
481,AD04-5942D3B84203,PARTENEZCO AL SISTEMA NACIONAL DE INVESTIGACION (SNII)   NIVEL 2  DESDE 2013. VIGENCIA HASTA DECEMBRE 2024. Dal enero 2025 he obtenido el Nivel 3  (SNII 3)
482,AD04-5942D3B84203,PERFIL PROMEP Y PRODEP RECONOCIDO (con continuidad)  DESDE 2012 VIGENTE HASTA 2025
483,B1EC-9B6035353C01,Premio de Obras CEMEX 2001  Por participación llegando a semifinales en la categoría fraccionamientos                                                                                      
484,B1EC-9B6035353C01,Reconocimiento por 15 años de servicio. Grupo Valoran (2006)
485,B1EC-9B6035353C01,Instituto de Investigación y Posgrado Facultad del Hábitat UASLP Febrero 2005  Impartición de Gestión de Proyectos en la Maestría Ciencias del Hábitat
486,B1EC-9B6035353C01,Instituto de Investigación y Posgrado de la Facultad del Hábitat UASLP Mayo 2008  Impartición de la ponencia: Gestoría en la empresa privada 
487,B1EC-9B6035353C01,"Asociación Potosina de Ingeniería de Costos  A.C. Febrero 2009  Reconocimiento por participación como comentarista en la presentación de los libros ""Analiticas del Costo Total"" y ""Evaluación de Concursos de Obra"""
488,ABEE-70E67AFB9226,2021  Programa de Estímulos al Desempeño del Personal Docente; Profesor asignatura; Nivel 1
489,8E8D-81F07B66A913,Medalla de Estudiantes Ejemplares (2020)
490,8E8D-81F07B66A913,Entrevista por parte de la televisora TV5MONDE sobre los programas de doble titulación entre  México y Francia (2019)
491,8E8D-81F07B66A913,Reconocimiento por obtener el primer lugar de la generación de egresados de la carrera de  ingeniería civil (2016)
492,8E8D-81F07B66A913,Testimonio de Desempeño Sobresaliente en el Examen General de Egreso de Licencia EGEL (2016)
493,8E8D-81F07B66A913,Reconocimiento a la excelencia académica por parte de la Asociación Nacional de Facultades y  Escuelas de Ingeniería (2015)
494,8E8D-81F07B66A913,Integrante del equipo Atlantic Challenge  responsables del proyecto Philéas  obteniendo el 2° lugar  en el Concurso Internacional Solar Décathlon Europe (2014)
495,8E8D-81F07B66A913,Beca francesa Pays de la Loire para un año de manutención y estudios en Francia (2013)
496,8E8D-81F07B66A913,Beca Mexfitec para un año de manutención y estudios en Francia (2012)
497,9579-14618944DC63,"2000-2001. Beca de COPOCyT ""Jóvenes de alto rendimiento"". Para estudios de licenciatura."
498,9579-14618944DC63,2003. Reconocimiento Nacional al Servicio Social Comunitario. SEDESOL
499,9579-14618944DC63,2008. Ganador del “International Travel Grant” otorgado por la “Biophysical Society” otorgado en el “52th Annual Meeting of the Biophysical Society and 16th IUAPAB International Biophysics Congress” del 2 al 6 de Febrero. Long Beach  California. EEUU.
500,9579-14618944DC63,2013-2015. Beca Postdoctoral PROMEP. Para la realización del proyecto: Análisis de las interacciones de iones H+ y Cl- en el interior de la cavidad-modelo del Ec-ClC. Universidad de Guadalajara  CU Lagos.
501,9579-14618944DC63,2014-2016. Ingreso al Sistema Nacional de Investigadores (SNI). Nivel: Candidato
502,9579-14618944DC63,2017-2019. Distinción del Sistema Nacional de Investigadores (SNI). Nivel: 1.
503,93EF-E0F98BC5D309,"Reconocimiento como parte del comité organizador del ""IV Simposio Internacional de Peritos en Agrimensura""  realizado en las instalaciones de la Facultad de Ingeniería de la UASLP."
504,A444-1B0C99CA2A45,Exención de examen profesional por haber obtenido un promedio general en la licenciatura de 9.01.
505,A444-1B0C99CA2A45," Distinción pública por parte del presidente de los Estados Unidos Mexicanos y por el comité permanente de la institución ""LOS MEJORES ESTUDIANTES DE MÉXICO"" auspiciado por el Consejo Nacional de Ciencia y Tecnología  el Ateneo Nacional de Ciencias y Artes"
506,A444-1B0C99CA2A45,Reconocimiento por parte del Consejo Técnico Consultivo de la Facultad de Ingeniería por haber obtenido un promedio superior a 9.0 durante la carrera de ingeniero civil.
507,A444-1B0C99CA2A45,Reconocimiento por parte del grupo Vitro S.A. por haber resultado ganador en el concurso PREMIO AL DESARROLLO TECNOLÓGICO  dentro de la modalidad de desarrollo tecnológico del proceso con el proyecto: MANIPULADOR AUTOMÁTICO PROGRAMABLE Y SU APLICACIÓN EN V
508,B15A-FDE53433FA23,CANDIDATO A SISTEMA NACIONAL DE INVESTIGADORES (SNI) 2006-2011
509,A950-6397C7421815,El 20 de Junio de 1991  recibí el reconocimiento del H. consejo técnico consultivo de la facultad de Ingeniería de la UASLP  por haber obtenido 9.18 de promedio y concluir la carrera en 4 años  por ello exenté el examen profesional para obtener el titulo d
510,AEC8-FC6CB6171D96,PROGRAMA PARA EL DESARROLLO PROFESIONAL DOCENTE (PRODEP) 2012  PROGRAMA PARA EL DESARROLLO PROFESIONAL DOCENTE (PRODEP) 2015  PROGRAMA PARA EL DESARROLLO PROFESIONAL DOCENTE (PRODEP 2018
511,960B-8B7FFCDC5513,Premio Municipal de Educación Nivel: Medio Superior Gobierno del Estado de San Luis Potosí  
512,960B-8B7FFCDC5513,Reconocimiento por Participación en el Proceso Electoral Federal 2005 – 2006 Instituto Federal Electora  
513,960B-8B7FFCDC5513,Reconocimiento de 15 años de desarrollo profesional Asociación de exalumnos de la Fac. De ingeniería  
514,9D18-BDCA3FFF7140,Candidato a Investigador Nacional del Sistema Nacional de Investigadores (SNI).Consejo Nacional de Ciencia y Tecnología (CONACYT). Periodo: 01 de enero del 2020 al 31 de diciembre del 2024.
515,9D18-BDCA3FFF7140,Miembro del Sistema Estatal de Investigadores. San Luis Potosí. Gobierno del Estado de San Luis Potosí y Consejo Potosino de Ciencia y Tecnología (COPOCYT). Periodo: 12 de julio del 2022 al 12 de julio del 2025.
516,A2A2-C440A6460EE3,NULL
517,8054-94BD7091D401,Miembro del Sistema Estatal de Investigadores del Consejo Potosino de Ciencia y Tecnología.
518,8676-9B08C03A43C0,Premio Nacional de Metalurgia 2023  otorgado por la AIMMGM
519,91D7-34FF3F297B62,Miembro del Sistema Estatal de Investigadores de San Luis Potosí  del 12/07/2022 – 12/07/2025. Reconocimiento otorgado por el Consejo Potosino de Ciencia y Tecnología. 
520,91D7-34FF3F297B62,Miembro del Sistema Nacional de Investigadores. Investigador Nacional Nivel I. Del 01/01/2023 al 31/12//2027 y Nivel Candidato de julio de 1998 a junio de 2001. Reconocimiento otorgado por el Consejo Nacional de Ciencia y Tecnología.
521,8B55-2FD9C2CDB9DB,Investigador Nacional Nivel I: Sistema Nacional de Investigadoras e Investigadores (2024-2028)
522,897E-6AC4FB573B57,Miembro del Sistema Nacional de Investigadores Nivel 2. Distinción otorgada por el Consejo Nacional de Ciencia y Tecnología  México. Vigencia de la distinción del 1 de enero del 2022 al 31 de diciembre del 2025.
523,897E-6AC4FB573B57,Perfil PRODEP otorgado por la Secretaria de Educación Pública  por el periodo de Septiembre del 2022 a Septiembre del 2025.
524,BCAC-3E414E812BA6,Miembro del Sistema Estatal de Investigadores. Con vigencia del 12 de julio de 2022 al 12 de julio de 2025  en virtud de sus logros en el ámbito científico.
525,BCAC-3E414E812BA6,Investigadora Nacional Nivel I. durante el periodo del primero de enero de dos mil veintitrés al treinta y uno de diciembre de dos mil veintisiete en virtud de sus logros en la realización de trabajo de investigación original.
526,A5A7-43F2C26C43A5,Premio a Investigadora Destacada de la Facultad de Ingeniería 2021 en la categoria Investigadora Promesa
527,A5A7-43F2C26C43A5,Sistema Nacional de Inestigadores Nivel I
528,A5A7-43F2C26C43A5,Sistema Estatal de Investigadores del Estado de San Luis Potosi
529,956D-8D4DC44373F0,Reconocimiento de la Cámara Minera de México en elaboración de normas oficiales mexicanas aplicadas a minería
530,956D-8D4DC44373F0,Premio Nacional de Medio Ambiente 2019 de la Asociación de Ingenieros de Minas Metalurgistas y Geólogos de México
531,9CFE-09DE3823CB82,Miembro del Sistema Nacional de Investigadores de CONAHCYT Nivel Candidato 2021-2025
532,9CFE-09DE3823CB82,Ganador de una beca posdoctoral CONAHCYT 2022-2024
533,9AC3-2DA92C92DF7C,Reconocimiento como Profesor de Tiempo Completo con Perfil Deseable (PRODEP) del 15 de diciembre de 2021 al 15 de diciembre de 2024.
534,9858-FFCF2CDEEEE8,"Reconocimiento por parte del sitio ResearchGate. por haber obtenido 2000 lecturas con el artículo : ""Control of Carbides and Graphite in Cast Iron type Alloy´s Microstructures for Hot Strip Mills"""
535,898F-BF42CA1693A8,Miembro del Sistema Estatal de Investigadores (2022-2025)
536,898F-BF42CA1693A8,Reconocimiento de perfil deseable PROMEP (2022-2025)
537,898F-BF42CA1693A8,Investigador Nacional Nivel I del Sistema Nacional de Investigadores (2022-2027)
538,B742-77A61FAC34E2,2024.  GALARDÓN A LA EXCELENCIA EDUCATIVA. DOCTOR HONORIS CAUSA
539,B742-77A61FAC34E2,2010 a la fecha. Profesor Perfil PRODEP
556,A6BB-33B75BF1F09A,DISTINCION INVESTIGADOR NACIONAL NIVEL I  2014-2016  2017-2020  2021-2024.
557,8B62-87B4C529460A,Miembro del Sistema Estatal de Investigadores  Gobierno del Estado de San Luis Potosí  a través del Consejo Potosino de Ciencia y Tecnología  Julio de 2022 a julio de 2025.
558,8B62-87B4C529460A,Miembro de diversos comités tutoriales de tesis de posgrado (maestría y doctorado) en el Instituto de Potosino de Investigación CIentífica y Tecnológica (IPICYT)  División de Materiales Avanzados  2018-2023.
559,8B62-87B4C529460A,Evaluador de publicaciones científicas y de divulgación en diversas instituciones  2020-2023.
560,8B62-87B4C529460A,Miembro de diversos comités tutoriales de tesis de  doctorado en el Doctorado Institucional en Ciencia e Ingeniería de Materiales  UASLP  2018-2023.
561,A7AB-C2055831FEE5,1er Lugar del Premio José Antonio Villaseñor y Sánchez en el Eje de Desarrollo Económico | Gobierno de San Luis Potosí  2005  
562,961E-D1D3CBCC7E87,Sistema Nacional de Investigadores  nivel 1
563,961E-D1D3CBCC7E87,Estancia posdoctoral por México 2021
564,961E-D1D3CBCC7E87,Estancia posdoctoral por México 2022
565,961E-D1D3CBCC7E87,Estancia posdoctoral por México 2023
566,961E-D1D3CBCC7E87,Estancia posdoctoral por México 2024
567,8B2B-86A0682C7ECD,? Elected Fellow by the Council of The Geological Society of America  on 28 April 2022.   reconocimiento recibido durante la sesión plenaria de la sociedad geológica de Norteamérica celebrada en el congreso anual de dicha sociedad en Denver Colorado  en oc
568,B8BD-9DA880123937,Miembro del Sistema Nacional de Investigadores desde 2009. Actualmente en Nivel I
569,B3D1-EA74037D96B3,PREMIO INAH A LA MEJOR TESIS DE MAESTRIA (GABRIELA MORA)  MENCION HONORIFICA DEL INAH A LA MEJOR TESIS DE MAESTRIA (ALEJANDRO MENDEZ)
570,8DA2-BF0ED1B77A29,Sobresaliente Cum Laude en tesis de doctorado.
572,9299-7F3454A5C4BF,"PREMIO:  ""LOS MEJORES ESTUDIANTES DE MEXICO"" OTORGADO POR EL DIARIO DE MEXICO A TODOS LOS ESTUDIANTES DE NIVEL SUPERIOR DE TODO EL PAIS POR CARRERA DE INSTITUCIONES PUBLICAS O PRIVADAS"
575,8793-C272A821451E,Reconocimiento a Profesores de Tiempo Completo con Perfil Deseable 2023 (vigencia de 3 años)
576,8BFA-B0290238356D,"Premio al “Estímulo al Aprovechamiento Académico en el Aula 2021-2022""  Marzo 2024"
577,B503-E75764B7D814,Reconocimiento del Sistema Nacional de Investigadores nivel I  CONACHYT  2024 - 2028
578,B503-E75764B7D814,Miembro del Sistema Estatal de Investigadores  Copocyt  2022- 2025
579,B503-E75764B7D814,Reconocimiento al perfil Prodep  SEP  2024-2026
580,ABEC-0B60A0FEF856,Pertenecer al reconocimiento al PERFIL PROMEP apartir del 2016 a la fecha
581,ABEC-0B60A0FEF856,Ingreso al sistema nacional de investigadores NIVEL 1 en el año 2023
582,9AE5-47D36683045F,Auditor de Calidad  realización de auditorías internas en la UASLP. Período 2022-2025.
583,8FA6-5A5255158C80,Miembro del Sistema Nacional de Investigadores (SNI)  Nivel I. 2024-2028
584,8FA6-5A5255158C80,Reconocimiento a Perfil Deseable  PRODEP  2024-2030
585,9847-C4B0B0FF4FB1,Presea Rafael Nieto compeán 2022.   Otorgada al personal académico en reconocimiento a su tiempo  responsabilidad y dedicación por 28 años de servicio a la docencia. 
586,9847-C4B0B0FF4FB1,Presea Rafael Nieto Compeán 2024. Otorgaada al personal académico en reconocimiento a su tiempo  responsabilidad y dedicación por 30 años de servicio a la docencia
587,9847-C4B0B0FF4FB1,Participación el el 3er Congreso Nacional de productividad y Mejora Continua  con 14 horas de contenido
588,A8DF-1E597B3CE75A,RECONOCIMIENTO POR PARTICIPAR COMO PONENTE DE LA CONFERENCIA TALLER BÁSICO DE FINANZAS PERSONALES EN LA FACULTAD DE INGENIERÍA EN EL MARCO DE LA SEMANA XXXVIII DE INGENIERÍA (OCTUBRE 2023)
589,A8DF-1E597B3CE75A,"RECONOCIMIENTO POR LA PARTICIPACIÓN COMO PONENTEB DE LA CONFERENCIA ""MIS OBLIGACIONES ANTE EL SAT"" EN LA FACULTAD DE INGENIERÍA EN EL MARCO DE LA SEMANA XXXVIII (OCTUBRE 2023)"
590,A8DF-1E597B3CE75A,"RECONOCIMIENTO POR LA PARTICIPACIÓN COMO PONENTE DE LA CONFERENCIA ""FINANZAS PERSONALES"" EN LA MATERIA DE SEMINARIO DEL ÁREA MECÁNICA ELÉCTRICA EN LA FACULTAD DE INGENIERÍA (MARZO 2023)"
591,A8DF-1E597B3CE75A,"RECONOCIMIENTO POR PARTICIPACIÓN COMO PONENTE EN LA CONFERENCIA ""MIS RESPONSABILIDADES COMO PROFESIONISTA ANTE EL SAT"" EN EL MARCO DE LA XXXVII SEMANA DE INGENIERIA (OCTUBRE 2022)  "
592,A8DF-1E597B3CE75A,"RECONOCIMIENTO COMO PONENTE EN LA CONFERENCIA ""MODALIDADES PARA EL RETIRO"" ORGANIZADO POR EL ÁREA MECÁNICA ELÉCTRICA DE LA FACULTAD DE INGENIERÍA (NOVIEMBRE 2022)"
593,A8DF-1E597B3CE75A,"RECONOCIMIENTO COMO PONENTE CON EL TEMA ""OBLIGACIONES FISCALES"" EN LA FACULTAD DE INGENIERÍA (OCTUBRE 2024)"
594,A8DF-1E597B3CE75A,"RECONOCIMIENTO POR LA PARTICIPACIÓN COMO PONENTE EN LA CONFERENCIA  "" FINANZAS PERSONALES  ¿ESTAS PREPARADO PARA EL FUTURO? ¿POR QUÉ NO LOGRAR TUS OBJETIVOS? EN EL MARCO DE LA SEMANA XXXIX DE INGENIERIA DE LA UASLP (OCTUBRE 2024)"
595,A8DF-1E597B3CE75A,"RECONOCIMIENTO POR LA COLABORACIÓN COMO PONENTE DEL TEMA ""CHECK LIST DE NÓMINA PARA UN BUEN CÁLCULO Y RELACIÓN LABORAL"" POR LA ASOCIACIÓN DE EJECUTIVOS DE LA GESTIÓN DEL TALENTO HUMANO AC (ADERIAC)  (JUNIO 2021)"
596,AB58-C0CFB51A6607,Distinción de pertenecer al Sistema Estatal de Investigadores del Copocyt 2022-2026.
597,AB58-C0CFB51A6607,Nivel 1 - Sistema Nacional de Investigadoras e Investigadores.
598,9ADE-85EA172CC47D,Reconocimiento como Miembro del Sistema Estatal de Investigadores  otorgado por el Gobierno del Estado de San Luis Potosí  a través del Consejo Potosino de Ciencia y Tecnología (COPOCYT)  con vigencia del 12 de julio de 2022 al 12 de julio de 2025.
599,9ADE-85EA172CC47D,Distinción de Investigador Nivel 1 por el Sistema Nacional de Investigadores del CONACYT  de enero de 2022 a diciembre de 2026.
600,9ADE-85EA172CC47D,Reconocimiento a Perfil Deseable del Programa para el Desarrollo Profesional Docente (PRODEP): a) 01 de septiembre de 2022 al 31 de agosto de 2025; b) del 06 de diciembre de 2019 al 05 de diciembre de 2022  c) del 01 de junio de 2012 al 31 de mayo de 2015 
601,9ADE-85EA172CC47D,Distinción de Candidato por el Sistema Nacional de Investigadores del CONACYT  de enero de 2019 a diciembre de 2021.
602,824A-75CCCBC98C35,Mención honorifica por parte del jurado para la tesis de maestría 
603,93EF-E0F98BC5D309,Reconocimiento por conservar la Carrera Acreditada durante un periodo de 20 años  2024.
604,B0BC-B5007BAAE968,Constancia como Asesor de proyecto “Invernadero para cosechas” de la asignatura “Proyecto Integrador de la carrera IMA”.  Área Mecánica y Eléctrica  Facultad de Ingeniería  UASLP.  Semestre 2022-2023/I 
605,94D6-EC76BCD5E666,Reconocimiento al perfil deseable. PRODEP 2023
606,AD1A-452EF9CE43C4,PRODEP. RECONOCIMIENTO A PERFIL DESEABLE. Vigencia (Dic 2024 - Dic 2027)
608,9839-3CF62708AA7C,NULL
609,A7E7-D92B4766AE06,Formación de auditor interno en ISO 50001-2011. Sistema de Gestión de la Energía 
610,B82F-CA42E7A54014,Reconocimiento por la mejor docente Universidad Cuauhtémoc  Plantel San Luis Potosí 2000-2005
611,B82F-CA42E7A54014,"Reconocimiento por ""Mejor promedio de la generación"" 89-94  Facultad de Hábitat  UASLP"
612,B9A2-F36AAE0846EF,NIVEL 1 DE ESTÍMULO CORRESPONDIENTE AL GRUPO DE PROFESORES ASIGNATURA 20H  PREDO VERSIÓN 2023
613,B9A2-F36AAE0846EF,NIVEL 1 DE ESTÍMULO CORRESPONDIENTE AL GRUPO DE PROFESORES ASIGNATURA 20H  PREDO VERSIÓN 2024
614,92D3-DE2FD95F7A75,CONSTANCIA POR 40 AÑOS DE SERVICIOS EN LA UNIVERSIDAD  EXPEDIDA POR LA UNION DE ASOCIACIONES DE PERSONAL ACADEMICO DE LA U. A. S. L. P. PRESEA RAFAEL NIETO COMPEÁN. 
615,92D3-DE2FD95F7A75,Constancia por más de 32 años de servicio en la universidad  expedida por la unión de asociaciones de personal académico de la U.A.S.L.P. 
616,9715-ABECE3F59367,Reconocimiento al Mérito Académico 2019  de la Región III de la ANFEI.  Otorgado por la Asociación Nacional de Facultades y Escuelas de Ingeniería ANFEI  el 8 de noviembre de 2019 dentro de su XXIV Reunión General
617,9715-ABECE3F59367,Reconocimiento como INGENIERO DISTINGUIDO otorgado por el Comité Organizador del DÍa del Ingeniero del estado de Veracruz. 1 de julio de 2019 en Boca del Rio  Ver.
618,9715-ABECE3F59367,Presea Rafael Nieto Compeán  por la trayectoria y ardua labor durante 40 años  contribuyendo a la formación de mejores alumnos y al nivel de excelencia que hoy ostenta la universidad. Otorgada por  la Unión de Asociaciones de Personal Académico de la UASLP
619,9715-ABECE3F59367,Reconocimiento COPAES 2021  por una sobresaliente trayectoria e invaluable compromiso como par evaluador en los procesos de acreditación de la educación superior de México. La ejemplar trayectoria  impulsando la excelencia en la educación superior
620,A64C-59DFAE96FC05,Miembro del honorable consejo técnico consultivo de la Facultad de Ingeniería de la UASLP en el periodo 20218-2022
621,A64C-59DFAE96FC05,Director de auto estudio en la Universidad Marista de San Luis Potosí para la acreditación ante la Federación de Instituciones Mexicanas Particulares de Educación Superior FIMPES  logrando la acreditación en el 2011
634,A64C-59DFAE96FC05,Director académico de la Universidad Marista de San Luis Potosí de  2004 a  2024  bajo mi dirección se abrió el Bachillerato  7 posgrados   1 posgrado en alta dirección y otro en psicología Jurídica y criminológica  5 licenciaturas.
636,8793-C272A821451E,Miembro del Sistema Estatal de Investigadores del Gobierno del Estado de San Luis Potosí  a través del Consejo Potosino de Ciencia y Tecnología (COPOCYT)  con vigencia del 12 de julio de 2022 al 12 de julio del 2025.
637,8793-C272A821451E,Estancia Académica en la Universidad Francisco de Paula Santander en la Ciudad de Ocaña  Colombia. Invitación por parte de la Universidad Colombiana  Septiembre 2019
638,8EF8-283949590703,Organizador e instructor del curso Sistemas Web en la Fac de Ciencias UASLP 2022
639,8EF8-283949590703,Organizador e instructor del curso Aprendizaje profundo en la Fac de Ciencias UASLP 2023
640,96B2-FD6DEF62566D,Evaluación de proyectos académicos del Área Civil en el semestre 2024-2025/I
641,966C-D84AD8EF5342,Premio CENEVAL al Desempeño de Excelencia-EGEL 2017.  Centro Nacional de Evaluación para la Educación Superior
643,8449-F50A127922A7,Sistema Nacional de Investigadores nivel Candidato
644,8449-F50A127922A7,Miembro del Sistema Estatal de Investigadores del COPOCYT
645,9926-1F04C0461704,1. PERFIL PRODEP 2025  2. SISTEMA NACIONAL DE INVESTIGACIÓN SNI 1  3. INVESTIGADOR VISITANTE: Instituto Eduardo Torroja Madrid  En UPC Catalunya España  UP en Guadalajara 
