3,A747-97D1672F5F4B,MODIFICACIONES AL PLAN DE ESTUDIOS DE LA CARRERA DE INGENIERÍA CIVIL  OCTUBRE 1998  JUNIO 2017.  MODIFICACIONES AL PLAN DE ESTUDIOS DE LAS CARRERAS DE INGENIERÍA GEOINFORMÁTICA E INGENIERÍA TOPOGRÁFICA Y CONSTRUCCIÓN.  MANTENER ACREDITADOS LOS PROGRAMAS DE
4,8A18-84C86D05077C,PARTICIPACIÓN EN LA MEJORA DE LOS PROGRAMAS DE LA CARRERA EN COMISIÓN CURRICULAR DE LA CARRERA DE INGENIERO METALURGISTA Y DE MATERIALES DESDE EL AÑO 2002 AL 2015 Y MIEMBRO ACTIVO DE LA ACADEMIA DE TRANSFORMACIÓN DEL ÁREA DE METALURGIA Y MATERIALES DESDE E
31,8793-C272A821451E,Ajustes curriculares de la Carrera de Ingeniería en Computación de los siguientes semestres:  Agosto 2017  Enero 2018  Agosto 2018   Agosto 2019   Junio 2023      
32,B069-0AE3487B4177,REDISEÑO DE LA LÍNEA DE COMPUTACIÓN EN TRES OCASIONES. PROPUESTA Y ACTUALIZACIÓN DE LOS CONTENIDOS TEMÁTICOS DE LAS ASIGNATURAS DE SEMINARIO DE ORIENTACIÓN IMT  PROGRAMACIÓN I  PROGRAMACIÓN II  PROGRAMACIÓN EN PARALELO  INTELIGENCIA ARTIFICIAL E INTRODUCCI
33,8E2B-4D4870DDD4AD,Durante mas de 40 años de laborar en la Fac de Ingeniería  UASLP  he participado en revisiones curriculares  comités de evaluación y demás actividades propias de un PTC. Sin embargo  mi actividad principal ha sido la investigación  esta actividad me ha per
65,897E-6AC4FB573B57,Durante el periodo del 2022 al 2024  he participado  como miembro de la Comisión Curricular del área de Ciencias de la Tierra de la Faculta de Ingeniería  en la revisión de las propuestas de modificación de plan de estudios de la carrera de Ingeniería Ambi
73,BCAC-3E414E812BA6,Secretaria de la Academia de Ingeniería Ambiental de la Licenciatura en Ingeniería Ambiental de la UASLP de Noviembre de 2022 a la Fecha  
74,81C8-ABBD2E182908,Desde 2018 he participado en la actualización de los Programas académicos de las materias Evaluación de Impacto Ambiental  Evaluación de Cambio de Uso del Suelo  Áreas Naturales Protegidas  y Manejo de Recursos Naturales. He participado en la academia de R
75,8F13-580573C094AA,PARTICIPACION ACTIVA EN LAS ACADEMIAS DE GESTION AMBIENTAL Y DE PREVENCION  DE LA CARRERA DE ING. AMBIENTAL. DE LA FACULTAD DE INGENIERIA  DE LA UASLP.    PARTICIPACION ACTIVA EN LA ACADEMIA DE PROCESOS INDUSTRIALES QUIMICOS  DE LA FACULTAD DE CIENCIAS QUI
80,B43D-248D087AE68A,Miembro de la Academia de Manufactura  en el Area Mecanica y Electrica de la Facultad de Ingenieria  UASLP
81,8324-B94E47D8231B,Actualmente tengo el segundo periodo como Presidenta de Academia de Matemáticas: Septiembre 2020 al Septiembre 2022.  Actualmente tengo el segundo periodo como Secretaria de Academia de Control y Automatización: Septiembre 2020 a Septiembre 2022.  Ocupe el
82,A441-8582DDCA08DA,En Julio 2016 desarrollé la Materia HERRAMIENTAS DE CALIDAD .  EL PROPOSITO ACADEMICO DE ESTE CURSO ES PROPORCIONAR AL  ALUMNO  LAS HERRAMIENTAS BASICAS  UTILIZADAS PRINCIPALMENTE EN LA INDUSTRIA AUTOMOTRIZ PARA LA MEJORA CONTINUA. AL TERMINO DEL MISMO EL 
92,8676-9B08C03A43C0,Participo en el programa de Licenciatura en Ingeniería Ambiental desde su creación en 2007  en donde he contribuido al diseño del plan de estudios  así como apoyar los cambios que se han realizado en varias de sus evaluaciones curriculares. Participo en la
93,A7AB-C2055831FEE5,Se ha participado como presidente de academia por medio de lo cual se ha dado seguimiento a los requerimientos en actualizaciones de los planes y contenidos de las asignaturas  buscando la actualización de los mismos.
94,B5AB-202D985E099D,Taller de acompañamiento para el diseño y seguimiento curricular en en restructuraciones 2018 - 2019. Visita Industrial a la empresa SMR en la zona Industrial de San Luis Potosí. 
97,ABEE-70E67AFB9226,Modificación y actualización del programa de las materias de Ingeniería sanitaria  Ingeniería sustentable  Taller de proyectos II y Taller de proyectos IV  pertenecientes a la carrera de Ingeniería Civil (2022)    Modificación y actualización del programa 
102,898F-BF42CA1693A8,Soy profesor de tiempo completo adscrito al programa educativo de Ingeniería Ambiental (PEIA)  en el que mi principal contribución como docente ha sido la preparación y actualización de programas de asignaturas e impartición de asignaturas de ciencias bási
103,8012-B07EC3B654AF,La participación que he tenido como Docente y como Profesor de tiempo completo ha sido relacionada con el Diseño del Plan de Estudios  de Programas Académicos y Actividades Formativas  buscando que dichas propuestas sean las más apegadas al contexto labora
104,9FEF-FEB0A53EA59D,Propuesta del nuevo plan de estudios a partir de agosto 2019. Modificaciones en diversas materias  decisión en academias para materias nuevas  etc. 2019.  Propuesta de los programas analíticos en inglés para las materias de Sustainable Development y Meteor
105,B260-9109B86AFBA4,Participé en la elaboración de los programas de las materias de Sustainable Development y Meteorology. Participé en la elaboración del programa de Economía Ambiental. Mi participación como asesora en la materia de Desarrollo de Proyectos ha coadyuvado al f
106,B28E-F8E515736A4E,A partir de 2010 a la fecha he participado como asesora de tesis de licenciatura.  Asesora de proyectos de investigación para los alumnos de la materia de Desarrollo de Proyectos. Participación como sinodal de diversos exámenes de grado.  Participación en 
139,8780-3F2C8DA8FB2D,Asesoría de 17 tesis de licenciatura del Área Mecánica Eléctrica 
147,9B40-85375582E264,He participado en los cambios curriculares de la carrera; en particular  en la modificación y actualización del programa analítico del curso de Termodinámica II. 
148,8B57-58A0B378F8A1,En el año 2004 tuve la oportunidad de participar en la revisión de programas de asignatura proponiendo el curso denominado Ingeniería de Materiales que fue aprobado por el HCDU para la Carrera de Ingeniero Mecánico Electricista en 2004. He colaborado con l
149,B91E-9B0E4E43E39D,OBTENCION DE RECURSOS PARA LA COMPRA DE SOFTWARES  EQUIPOS Y DISPOSITIVOS PARA LOS LABORATORIOS DEL AREA DE METALRGIA Y MATERIALES.  ACTUALIZACION DE LOS CONTENIDOS CURRICULARES DE PROGRAMAS ESCOLARES DEL AREA DE METALURGIA Y MATERIALES
150,B123-7C877DBA76B8,Participación en la transformación de la carrera de Ingeniero metalurgista  primero en las carreras de Ingeniero Metalurgista Extractivo y la creación de la carrera de Ingeniero Metalurgista de transformación auspiciada por el Proyecto multinacional de met
153,8B55-2FD9C2CDB9DB,Modificación curricular 2019 de la carrera de ingeniería ambiental. Cambios en los programas analíticos de Biodiversidad y Evolución (se agregó una hora  se incorporaron prácticas de campo y aumento en un crédito)  Ecología General (se especificaron los mé
154,8B62-87B4C529460A,Reestructuración de los programas de las materias que imparto.  Apoyo a la coordinación.  Actualización permanente de los alumnos en los temas que imparto en la Facultad.  Apoyo académico al Posgrado en Metalurgia e Ingeniería de Materiales  2018-2024.  
155,A8DF-1E597B3CE75A,HE PARTICIPADO EN EL DISEÑO DE PROGRAMA DE ENSEÑANZA DENTRO DE LA FACULTAD DE INGENIERÍA EN LAS ÁREAS DE CIVIL  AGROINDUSTRIAL  GEOMÁTICA Y MECÁNICA ELÉCTRICA   SIENDO MIEMBRO ACTIVO DE LAS ACADEMIAS CORRESPONDIENTES .  HE SIDO PRESIENTE Y SECRETARIO DE LA
156,91D7-34FF3F297B62,Participación relevante en el diseño y la actualización constante del PE. Coordinador Académico  Responsable de Vinculación y Miembro del Comité Académico de Prácticas Profesionales del PE. Diseño e impartición de asignatura(s); Presidente de Academia y Mi
160,AC0C-96144F0179CC,En los años en los que he pertenecido al PE tuve varios cargos  como Presidente de la Academia de Evaluación y Gestión Ambiental  periodo de Ene 2011-Sep 2016  posteriormente Secretario de Academia de Ing. Amb de Feb 2017-Sep 2018  y Presidente de Academia
161,A788-04291196914D,"Diseño de los manuales de laboratorio para las materias de ""Diseño de Sistemas Digitales"" y ""Microcontroladores"". Participación en las ferias de universidades como expositor para la atracción de talentos en nuevos estudiantes."
162,9AC3-2DA92C92DF7C,El Dr. Cristóbal Alberto Pérez Alonso es miembro de las Academiad de Metalurgia y de Materiales de la facultad de Ingenieria UASLP.  Ha participado en la revisión y ajustes a los programa de las materias de Computación y Métodos Numéricos con el propósito 
163,A5A7-43F2C26C43A5,Participa en las Academias Materiales de la Corteza y Geología Básica  elaboración del Manual de prácticas y ejercicios de Laboratorio de Petrología ígnea  actualización del Plan de estudios de la materia de Petrología ígnea  Geología Básica I y II de la c
164,A16C-AFA7E8FEEA6F,Constancia de participación por el diseño y ajuste de los 15 programas educativos PE de la Facultad de Ingeniería UASLP
165,8054-94BD7091D401,Ajustes curriculares de las asignaturas: Desarrollo Sostenible  Economía Ambiental  y Ordenamiento Ecológico  Territorial y Urbano  que se imparten en la carrera de Ingeniería Ambiental de la Facultad de Ingeniería de la Universidad Autónoma de San Luis Po
166,AB90-245EB7372B3D,Participación como Secretaria de la Academia de Economía y Finanzas en el 2016-2018.   Participación como Presidente de la Academia de Economía y Finanzas em el periodo 2018-2020  Participación como Presidente  y Secretario de la Academia de Calidad en los
167,97B0-E40EC464619C,Dentro del Cuerpo Colegiado de la Academia de Geología Aplicada se realizaron cambios al programa analítico de la materia de Geología del Petróleo y también se realizó el cambio de la materia del séptimo semestre al octavo por considerarse necesario que lo
168,AECC-3717A5139483,PARTICIPACIÓN ACTIVA EN TODOS LAS REESTRUCTURACIONES DE LOS PLANES DE ESTUDIO DEL PROGRAMA DE INGENIERÍA AGROINDUSTRIAL (DEL 2008-A LA FECHA)
169,BF99-069AB1B1876E,Participación en el comité para la preparación de la acreditación ante CACEI 2021  Participación en la comisión de desarrollo curricular.  Actualización de las asignaturas de química ambiental y química de soluciones  Participación en la preparación de evi
171,A319-B3099653A086,Se han modificado y actualizado los planes educativos de las materias de Sedimentología  Estratigrafía y Petrología y Petrografía Sedimentaria 
172,9CD4-C3F1E58742DD,He participado activamente en el programa de metalurgia y materiales como coordinador del programa  miembro de la comisión de acreditación y miembro activo de las academias de fundamentales y extractiva. Además  a partir del 2020 soy el Jefe del área de me
173,8F89-F58A927A68DD,Participación en el ajuste curricular del  2021  estos cambios que contribuyen a fortalecer las distintas necesidades de formación integral de los jóvenes que actualmente cursan cualquier carrera de ingeniería de la Facultad. Para potenciar las habilidades
178,A57D-3A05F840F619,Formación académica en Agronomía  especialista en Suelos  luego a la Botánica  en especial a la Ecología de plantas. Mi experiencia profesional me ha permitido conocer diferentes instituciones  desde operativas  como en su momento la SEMARNAP (Subdelegado 
179,BC92-8E3D54432C8E,Se ha participado activamente en la actualización de los programas de las materias relacionadas con computación aplicada tomando como referencia los comentarios de los empleadores y egresados  así como la búsqueda de convenios con los desarrolladores de so
185,961E-D1D3CBCC7E87,He impartido en la materia de Excursiones Geológicas II el módulo de Exploración Geofísica  aportando por primera vez al alumno de licenciatura conocimientos de electromagnetismo aplicado a proyectos geológicos. Así mismo  se impartió por primera vez el cu
186,A789-29AD6B988B66,Re-diseño del programa de la materia de Hidorología en el año 2019; el diseño incluyó nuevos temas para el programa de la materia. Presidente de la Academia de Geología Aplicada desde septiembre de 2020 a la fecha.
187,8B2B-86A0682C7ECD,Actualizaciones de los planes de estudios de los cursos: 1) Dibujo Geológico Estructural (2005); 2) Geología de México (2015)  Participación en las academias de: 1) Materiales de la Corteza; 2) Geología de Exploración
188,B2B9-C9CB95F55072,Modificación y actualización programa geología estructural 1  carrera ingeniero en geología
189,8B07-A4FEB5EE43AD,- Se ha vinculado a los alumnos del Área Ciencias de la Tierra de la Carrera de Ing. en Geología con la Cámara Minera de México para el Otorgamiento de becas económicas a alumnos sobresalientes  desde el año 2010 hasta la fecha.  - Se Organizó un Curso Teó
192,9F2E-690464EFFA85,He participado activamente en diferentes actividades  que incluyen la gestión administrativa-académica  y donde he colaborado en la revisión/actualización de contenidos de materias  como petrología metamórfica; petrología ígnea y practicas profesionales. H
193,8E44-4CD5A2183D30,#¿NOMBRE?
194,8B39-6475BF5A282E,Participación en las actualizaciones y modificaciones requeridas para la adecuación de acuerdo a los avances tecnológicos del plan de estudios y materias de la carrera de ingeniero geólogo en las materias de Exploración Geológica y Métodos de Perforación
195,8124-EC5803EE2762,Diseño  estructura y jerarquía de los contenidos de las materias de Computación Aplicada A  B y C  en la carrera de Ingeniero Geólogo.    Participación en la academia de Geología Aplicada  para toma de decisiones colegiadas en la carrera de ingeniero Geólo
196,997A-AB1828654532,Comisionado para desarrollar actividades de apoyo que incidieron en la acreditación internacional (EUR-ACE a través del ANECA) y en la reacreditación nacional (CACEI) de la carrera de Ingeniería en Geología  en el periodo comprendido entre mayo de 2015 y m
197,A671-CCC4DB53F52B,Jefe del Área Ciencias de la Tierra a partir del año 2004. En este periodo me ha correspondido la responsabilidad de organizar los trabajos de los profesores para lograr 4 re-acreditaciones  (2006  2011  2016  2021) del programa de Ingeniería en Geología y
198,A8BC-DB8861AF4656,#¿NOMBRE?
199,A64C-59DFAE96FC05,En la Facultad de Ingeniería de la UASLP he participado como presidente de la Academia de Técnicas del Aprendizaje   del Seminario Integrador IV y de Liderazgo y Emprendimiento. En las tres academias presenté materiales complementarios para la formación de
200,8786-0DCD2FE4090B,POR MEDIO DE ESTE ESPACIO HAGO MENCIÓN DE LA IMPORTANCIA DE LA MATERIA DE GEOFISICA APLICADA PARA QUE LOS ALUMNOS LA CURSEN EN EL ULTIMO SEMESTRE  DEBIDO A QUE ASIMILARAN MAS LOS CONOCIMIENTOS BÁSICOS DE LA GEOFISICA Y SU APLICACIÓN EN SU PROFESIÓN  ACTUAL
201,9342-061E0F0BC6B4,Actualmente soy miembro del comité curricular  en la academia de termodinámica estamos trabajando en la actualización del plan de estudios. Se busca pasar las materias a espacios de formación.
202,BB8F-435F127F2A7E,La creación de la asignatura de Proyecto Integrador  para las carreras de Mecánico  Mecánico Administrador  Mecánico Electricista  Mecatrónico y Electricidad y Automatización (2013)  Coordinación  organización y desarrollo delas Expo Proyecto Integrador y 
203,B311-E68931130BE5,LIBRO: TÉCNICAS DE CARACTERIZACIÓN Y PROCEDIMIENTOS EMPLEADOS EN LA MINERALOGÍA APLICADA AL BENEFICIO DE MINERALES  editorial IBUKKU  publicado en 2021   ISBN: 978-1-64086-926-4  ebook: 978-1-64086-927-1. Este libro se utiliza como bibliografía básica de a
204,8802-DF575AF48C52,?Análisis Curricular del Área de Materias Comunes? Jefe M.A. Enrique Zermeño Perez.  Miembro de la Comisión de Desarrollo Curricular 2019-2020.  Planteamiento de programa para la materia de Dibujo para Ingeniería Mecánica y su implementación.
205,9587-38536DC7DEF8,NULL
206,8196-F135D52B74FE,El diseño  el desarrollo de los planes de estudio y el contenido de las materias de Licenciatura de las materias: Cerámicos  Formado de Materiales  Laboratorio de Formado de la carrera de Ingeniero Metalurgista y de Materiales. Y el diseño de los planes de
207,A8F8-E95C79976CBE,Apoyé en la elaboración del programa de la materia Habilidades Socio Afectivas y éticas  así como su implementación y puesta en marcha. También he apoyado em la  interpretación de los datos de las pruebas TERMAN  GORDON  entre otras que fueron aplicadas a 
208,B6B7-6D3D31284E60,Participación activa en las Academias de las asignaturas impartidas.
209,86A4-7121696F4C82,yo tengo mis propios apuntes de la materia de estatica que comparto con mis alumnos en pdf  ahora con mayor razon por la pandemia .
210,AE8D-E5CD887CE287,Se ha trabajado en el programa educativo en las Actualizaciones Curriculares del  PE IMA 2014  2015   2019 y 2021 .  Se trabaja  con el PE IMA  en la parte de vinculación  con alumnos   que requieren soporte en sus trámites de Practicas Profesionales como 
211,9D58-CCD553319E8A,Apoyo en la modificación del programa de la materia Química Orgánica Ambiental
212,AD95-FFF7D1BFB099,En el año 2019 diseñe dos nuevos cursos del programa académico de Ingeniería Ambiental  basados en mi experiencia académica y profesional y las sugerencias de otros profesores del área. Los cursos fueron: Probabilidad y Estadística  Inferencia Estadística.
213,B176-B8E05100F393,Participación en la revisión de la documentación para la mejora del Plan de Estudios de la carrera de Ingeniero Agroindustrial en la Coordinación Académica región Altiplano Oeste  UASLP.  Participación en la revisión de la documentación para la mejora del 
214,BAE6-8C795CF7F1B0,Participación en las reuniones periódicas de la academia de Termodinámica. Mis principales participación están relacionadas con  la carga académica del alumno  la falta de coordinación entre la teoría y el  laboratorio  lo cual confunde a los estudiantes y
215,B116-2A08D08D3E53,Presidente de la Academia de Calidad del Área Mecánica y Eléctrica.    Secretario de la Academia de Industria y Medio Ambiente del Área Mecánica y Eléctrica
216,B548-C001774C5E41,APOYO EN PROYECTOS A LOS ALUMNOS DE LA MATERIA DE DESARROLLO DE  PROYECTOS  SECRETARIA ACADEMICA DE LA ACADEMIA DE GESTIÓN DE RIESGOS
217,95A7-77393E09179F,­Asesoría en trabajo recepcional para obtener el título de Ingeniero Mecánico Administrador. Presidenta y Secretaria de diferentes academias como: Ingeniería Industrial  Computación y Calidad. Área Mec-Elec. Coordinación de cuatro estudios de tiempos y mov
218,AAA3-DB11D6BC67F5,He participado como Secretario y Presidente de la academia de Prevención y Control  asi como en la reestructuración del Plan de Estudios de la Carrera de Ingeniería Ambiental (Junio de 2019)  acreditación de la carrera en CACEI y ANECA  evaluación de incor
219,9545-82F9E09C6B90,Propuesta de actualización para plan de estudio adecuado a las necesidades industriales y de investigación de hoy en dia.     Cambio en el paradigma educativo de enseñanza. 
220,A866-EB93C1A69B3E,Con la experiencia laboral y de investigación en el ámbito de la Geología en las ciencias aplicadas que he tenido  me ayudaron a profundizar en los conocimientos básicos que los estudiantes de la licenciatura de Ingeniería en Geología deben de tener y que 
244,8F56-F9AA6096D2CA,Participación en el diseño de asignatura(s) del PE: Agricultura de Precisión  Modelos Digitales del Terreno y Análisis Espacial en la Mercadotecnia. Análisis de indicadores del PE: Involucramiento en la preparación del Informe de Medio Término. Participaci
245,B0BC-B5007BAAE968,Elaboración del Prontuario de Prácticas del Laboratorio de Dispositivos Semiconductores (Ingeniería en Computación).  Instructor de Laboratorio en el Laboratorio de Electrónica y Sistemas Digitales (LESD  Ingeniería en Computación).  Actualización de los P
246,8848-48AE333AF935,Mejora Continua en la Preparación y Actualización de Programas de las siguientes materias:      Dibujo Asistido por Computadora    Diseño Asistido por Computadora  Geometría Proyectiva  Geometría Descriptiva    Y Elaboracion de las Practicas de los siguien
278,A719-7932825DC436,Participación como ponente en Congresos: 08 https://congressspeakeredgarjimenez.blogspot.com/2019/07/blog-post.html    Ponente de Conferencias: 51 https://conferencesedgarjimenez.blogspot.com/2019/07/conferences-2019-science-for-kids-and.html    Evaluación
279,BCB1-60E44234BC48,Ajuste curricular para la Licenciatura en Ingeniería Agroindustrial. Facultad de  Ingeniería 2018
280,9FF4-644CD34EC2BB,#¿NOMBRE?
281,994F-AD3BA9EF5F86,Dentro de las actividades profesionales que contribuyen a la mejora del programa educativo de la carrera de Ingeniería Agroindustrial destaco que he participado en la Propuesta de modificación curricular de la carrera de Ingeniería Agroindustrial así como 
282,9BAB-6B6142FED5C5,En el área de Ingeniería Agroindustrial  a través de las asignaturas de Química Agroindustrial y Bioquímica se ha incentivado el ajuste curricular de sus programas acorde al perfil de egreso en sus habilidades de investigación e innovación. Por otra parte 
283,BC4D-CAA4E3DE6CC4,Participación en el diseño del temario de las materias DIBUJO INDUSTRIAL y DISEÑO ASISTIDO POR COMPUTADORA. 
284,9530-9ECECA695F0B,Ajuste Curricular para el Programa Educativo Ingeniería Agroindustrial. Mayo de 2018
285,9747-92D2EB3B23CC,Participación en la Academia de Transformación y la contribución en la actualización del manual del Laboratorio de Microbiología de acuerdo a las normativa vigente.   
286,991C-FA129880F0E0,#¿NOMBRE?
287,BF0F-B6908F5180F8,Participación en el ajuste para la materia de Motores Gráficos para la carrera de Sistemas Inteligentes en enero del 2022  realizando cambios en el plan de estudios y la organización de los temas.
288,AB58-C0CFB51A6607,Elaboración de programa analítico de las materias de:  - Redes y Ciberseguridad.  - Fundamentos de Seguridad Informática.  - Anonimato y Privacidad.  - Criptografía.  Participación de las actividades de la Academia de Redes y Ciberseguridad.  Apoyo en Acti
289,8FA6-5A5255158C80,Elaboración de temarios de materias como Fundamentos de Inteligencia Artificial para los programas de Ingeniería en Computación (IC) e Ingeniería en Sistemas Inteligentes (ISI). Elaboración de temarios para las materias del área de énfasis en Robótica Inte
290,BECB-C0B6A90CCD7C,Presidente de la Academia de Ingeniería de Software y Bases de Datos  2017 - 2022  participación en la actualización del plan de estudios del PE Ingeniería en Computación en 2018 y en 2019. Establecimiento de contacto y comunicación con empresas y compañía
291,A64D-412F84DB591F,Participación en el diseño del contenido de la asignatura de Probabilidad y Estadística para la carrera de  Sistemas Inteligentes  en el Área de Ciencias de la Computación  Facultad de Ingeniería   Univesidad Autónoma de San Luis Potosí 
292,BC59-07B3968B921B,DISEÑO DE LAS ASIGNATURAS DE DISEÑO DE JUEGOS Y ARTE CONCEPTUAL PARA VIDEOJUEGOS.
293,8535-4D66704CA1C0,Participación en la Comisión Curricular para la actualización de los planes de estudio de las carreras de Ingeniero en Computación e Ingeniero en Informática. Además de la carrera de nueva creación de Ingeniero en Sistemas Inteligentes.  Participación en A
294,BE57-4684CED28435,Diseño en la estructura curricular de las materias de Administración de Proyectos I y Administración de Proyectos II
295,AF96-D1BC7AFA1A2E,Miembro de la Academia de Redes y Ciberseguridad  y presidente de la misma desde octubre del 2024. Autor de la mayoría de los análisis que esta Academia realizó para tratar de mejorar el desempeño de los estudiantes de Ingeniería en Computación en el exame
296,A15D-2E4B23F44404,PARTICIPACIÓN ACTIVA EN LA PROMOCIÓN DEL USO DE TI PARA LA ENSEÑANZA SIENDO MIEMBRO E INSTRUCTOR DEL COMITÉ ACADÉMICO - ESTRATEGIA EDUCATIVA DIGITAL
297,95E4-6639588A7229,Revisora del programa analítico de la asignatura de Bases de Datos del plan de estudios de la carrera de Ingeniería en Sistemas Inteligentes.
298,9B6B-0778772B83BD,Presidente de la Academia de Interacción y Videojuegos  participación en diversas actividades del Área como asesor de Proyecto Integrador y de alumnos de servicio social  al igual que en actividades de difusión y divulgación. Creación de los temarios de la
299,94D6-EC76BCD5E666,El profesor está adscrito al Área de Ciencias de la Computación desde Agosto de 2011. Esta área contiene los PEs de Ingeniería en Computación  Ingenieria en Sistemas Inteligentes e Ingenieria en Informática. Desde entonces ha participado en la vida académi
300,A507-0BEE29FAAD04,Estoy como responsable de la materia de Pensamiento Algorítmico. Por ese motivo he estado supervisando y en algunos casos generando los exámenes colegiados  extraordinario  título de suficiencia y regularización. Se ha estado generando un almacén digital d
301,9ABC-E4D8010678FF,Participación en Academia para evaluación y actualización de contenidos  así como  proposición de materias nuevas. Además de participar en el cuerpo académico del posgrado y participación en la maestría de Computación y la maestría de Sistemas Eléctricos d
302,B9E7-EBD41A38F7EF,Apoyo en el diseño de las materias de Diseño de interfaces  Tecnologías Web Escalables
312,B5A6-1460745FED4B,He estado a cargo de las actividades extracurriculares del Concurso Internacional de Programación Universitario ICPC por sus siglas en inglés. Este concurso promueve en los estudiantes universitarios el desarrollo de habilidades de resolución de problemas 
313,8305-B2482C290FD9,Elaboración del temario de la materia de Fundamentos de Compiladores para el Plan de Estudios de Ingeniería en Computación. Clave de materia: 2408 Nivel del Plan de Estudios: I.C: VI. Fecha de elaboración: 22 de febrero de 2021 Fecha de última revisión cur
314,8A83-0E141216DFFB,Elaboración de temarios de materias como Pensamiento Algoritmico  Estructuras de Datos I  Lenguanes de Programación y Estructuras de Datos Avanzadas para los programas de Ingeniería en Computación e Ingeniería en Sistemas Inteligentes. Presidente de la Aca
315,BECE-D25BEC34ACED,Diseño del Programa Analítico de la Materia de Sistemas Interactivos y Proyectos Computacionales I
316,8E77-F80D8117A6DB,Actualizaciones de los planes y programas de las carreras de Ingeniero en Computación  Ingeniero en Informática  participación en la creación de la carrera de Ingeniero en Sistemas Inteligentes. Obtención de reconocimientos de calidad en educación superior
317,8521-6BDFB737A821,las aportaciones que he realizado es la actualización de  temarios de las materias que he impartido  
318,8D45-AE2193E5B62A,Como Secretario Escolar de la Facultad de Ingeniería apoyo en el análisis de información del PE relacionada a la tutoría académica  desempeño de los estudiantes  e indicadores. Además  participo dentro de las Academias correspondientes a las materias que i
319,A469-16CF6916B468,Mejoras continuas a los planes y programas de estudio. Revisión y mejora cada semestre durante los mas recientes 5 años.  Director del grupo que creo la carrera de Ingeniería en Sistemas Inteligentes  Director del grupo que creo el diplomado de Inteligenci
320,9AE5-47D36683045F,Asistencia y aportaciones en las Academias a las que pertenecen las materias en donde imparto clase. Apoyo en creación de temarios para nuevas materias. Miembro de la Comisión de proyectos del área y participación en eventos como la ExpoCiComp. Invitación 
321,8BFA-B0290238356D,Participación en academias de programación y de matemáticas aplicadas  aplicación de evaluación entre pares  revisión de las actividades y del programa de las materias.  Participación en la acreditación de CACEI  con vigencia del 1 de enero del 2023 al 31 
322,9F1A-84C2727E7700,Creación del plan de estudios de la materia de Diseño de Interfaces
323,AA24-CF77C79DB3DB,Participación como secretaria de academia en la academia de Investigación  Innovación y desarrollo del programa  así como parte del grupo de desarrollo curricular.
324,802D-F0618983AC6A,Colaboro en la Academia de Producción  Transformación y Desarrollo Empresarial
325,AB0B-2280B9319BF9,Actualización de la Bibliografía Básica y Complementaria del programa de la materia de Biotecnología.  Asesoría en la materia de Taller Integrador I  II y III.  Actualización de la Bibliografía Básica y Complementaria del programa de la materia de Biotecno
326,ADBE-D146C9FA7317,Participación en revisión y ajuste de los Planes de Estudios en 2023 de las siguientes asignaturas: Estática  Mecánica de Materiales y Simulación de Sistemas Estructurales.
327,866A-7B163D71D67D,PARTICIPACIÓN ACTIVA EN LA ACTUALIZACIÓN AL PROGRAMA DE LA MATERIA IMPARTIDA  ASÍ COMO SUGERENCIA DE NUEVAS FORMAS DE APLICAR LA MATERIA  PARTICIPACIÓN ACTIVA EN LA ACADEMIA DE GEOTÉCNIA PARA LA CREACIÓN DE LA MATERIA DE DISEÑO DE PAVIMENTOS DE ACUERDO A L
328,960B-8B7FFCDC5513,Comisionado como Responsable de elaborar la documentación necesaria para integrar el Autoestudio solicitado por ABET  en la acreditación internacional - 2022.  Integración del Comite de Talleres de Proyectos  en la gestion de nuevos proyectos y la organiza
329,B1EC-9B6035353C01,-Diseño colegiado del temario de la materia Taller de Proyectos III (2010)  - Revisión y actualización colegiada del temario de la materia Construcción II (2010)  -Planeación participativa para la definición del Plan Institucional de Desarrollo de la Facul
330,BC0B-61AA180538EC,Actualización del programa de la materia Dibujo Civil y Arquitectónico de la Carrera  Ingeniería Civil 
331,9C31-6A6FAD2173DB,En la materia de Taller de Proyectos II se le enseña al alumno el uso de un programa de precios unitarios  en el que se aplican los conocimientos adquiridos en Construcción II. Una aportación para la mejora del programa educativo es recordarle al alumno lo
332,93EF-E0F98BC5D309,El profesor a través de las academias expresa la necesidad de actualizar el programa de su materia y la aportación que tiene con el mercado laboral  o incluso la creación de nuevas materias. Se consensúan las diferentes propuestas y posteriormente se lleva
333,A5BC-9B4DC15117D9,REVISION Y ACTIALIZACION DE PLANES DE ESTUDIO Y TEMARIOS DE MATERIAD EN EL AREA DE GEOTECNIA Y ESTRUCTURAS
334,B15A-FDE53433FA23,En los últimos años se ha tenido una participación activa en el contenido curricular de las materias del área de estructuras  adecuándolas a las exigencias  así como la revisión bibliográfica y proponiendo nuevas materias. 
335,B40A-259F9C61D2E1,POR MEDIO DEL CAPÍTULO OESTUDIANTIL DEL ACI  EL CUAL ASESORO SE GESTIONAN VISITAS DE OBRA  CONFERENCIAS Y TELLERES EN LOS ESPACIOS DE LA UASLP  FACULTAD DEL HABITAT Y FACULTAD DE INGENIERÍA  SE GENERA TRABAJO EN EQUIPO ENTRE ALUMNOS DE DIFERENTES CARRERAS 
336,A950-6397C7421815,Representante por parte del Área Civil ante el H. Consejo Técnico consultivo de la Facultad de Ingeniería de la UASLP de 1996-2022.    Participación en la modificación del plan de estudios de el programa de ingeniero Civil de la Facultad de Ingeniería de l
337,AEC8-FC6CB6171D96,PROPUESTA DE MODIFICACIÓN AL PLAN DE ESTUDIOS DEL PROGRAMA DE INGENIERÍA CIVIL Junio / 2017    PROPUESTA DE AJUSTE CURRICULAR DEL PLAN DE ESTUDIOS DEL PROGRAMA EDUCATIVO DE INGENIERÍA CIVIL Junio 2021
338,B562-1C2BC5D41E43,Participación en revisión de contenidos de materias de la rama de Topografía y construcción 
339,9D18-BDCA3FFF7140,Participación en el proceso de Certificación Internacional del Programa de Ingeniería Civil de la FI-UASLP ante la Organización ABET (Acreditation Board for Engineering and Technology  Inc). Preparación de autoevaluación y visita del 13 al 15 de noviembre 
340,9BF4-0F6C75F3BBAD,Como Presidente de la Academia de Geotecnia se trabajó en la modificación al plan de estudios de la carrera de ingeniero civil  revisión del contenido de los programas analíticos y sintéticos de las materias de la Academia  así como la creación de la nueva
341,A2A2-C440A6460EE3,NULL
342,A36D-BC587212D847,Diseño del temario y manual de laboratorio de la asignatura Inteligencia Artifical Aplicada
343,BE57-96B19C4BE341,"Actualización del programa de la materia Principios de Administración para el área mecánica eléctrica.  Diseño y desarrollo de programa para materia nueva ""Gestión efectiva del capital humano"" que se implementó en la carrera de Ingeniería mecánica administ"
344,BC2E-92805981AEA3,Actualización del programa de la materia de Geología Estructural II (4611) y desarrollo de cursos de verano para la mejora y capacitación de alumnos recién egresados y egresados sobre las disciplinas de geología estructural y vulcanismo en campo.
347,9F70-631542E15748,Intercambio académico en el INRS para proyecto de investigación y adquisición de conocimientos en inteligencia artificial. En ese periodo desarrollé un manual sobre cómo realizar tratamiento de imágenes satelitales con IA y se utilizará en curso de nueva c
348,9CFE-09DE3823CB82,Desarrollé la actualización del programa del curso de Ingeniería Económica de la carrera de Ingeniería  Ambiental en el 2023 
349,9858-FFCF2CDEEEE8,Participación en las Academias que pertenecen al PE.  Ser comisionado para la revisión y evaluación de la actualización curricular de la materia: Selección y Uso de materiales
350,B742-77A61FAC34E2,Desde el año 2009 que me incorporé en esta Licenciatura   he participado activamente en la elaboración de programas de Estudio  revisión y modificación de los mismos. Revisión del plan de estudios y participo en las academias de las materias que imparto  d
351,8DA2-BF0ED1B77A29,Revisiones continuas del PE
352,B503-E75764B7D814,Se ha tenido aporte en el rediseño del programa de Ingeniería en Geoinformática  de la Facultad de Ingeniería. Además  se contribuyó en el diseño de un diplomado que han tomado alumnos y pasantes de la carrera de Ingeniería en Geoinformática  Topografía y 
353,993E-21D40A6E5A70,Participación en diferentes Academias (Programación  Redes y Ciberseguridad  Tecnologías Multiplataforma) como presidente y/o secretario.    Diseño de las asignaturas 2841 - Principios de Cómputo en la Nube  2842 - Arquitectura de Nube  2843 - Servicios en
366,9ADE-85EA172CC47D,Participación en la reestructuración curricular de los programas educativos de Ingeniería en Computación e Ingeniería en Sistemas Inteligentes. Responsable de la generación de las asignaturas del Área de énfasis de Sistemas Geoespaciales del plan de estudi
367,9102-6954D17D1631,1.- Diseño y aplicación de un examen diagnostico sobre el área de redes del examen EGEL a los alumnos de Ingeniería en Computación   2.- Apoyo en la actualización de la bibliografía de la materia Matemáticas discretas I y Matemáticas discretas II.  3.- Dis
368,AD1A-452EF9CE43C4,Modificación de Programas de las Asignaturas en septiembre 2023: Administración de Proyectos I  Administración de Proyectos II  Bases de Datos. Solicitante y Asesor de Desarrollos tecnológicos de las materias de Proyectos Computacionales I. II y III. Parti
369,BCA4-02D1D7285BF0,Presidenta de Academia de Gestión y Desarrollo Social del 2024 al 2026
370,9839-3CF62708AA7C,NULL
371,A7E7-D92B4766AE06,Visita a planta.
372,B82F-CA42E7A54014,Asesoramiento en la realización del programa de la materia ?EXPERIMENTACIÓN MECÁNICA ELÉCTRICA? del área Mecánica y Eléctrica de la Facultad de Ingeniería  UASLP. Diseñar un experimento para luego analizar sus resultados y comunicarlos de forma oral y escr
373,9A78-53B1701FA2F9,Tuve participación en diferentes actividades en la actualización constante de los programas de las materias del área cuando cambio en el 2018  también realice una investigación constante del plan de estudios de las materias que me fueron asignadas para man
374,9715-ABECE3F59367,Participación en las Academias de las materias de Ingeniería de Materiales y de Liderazgo
375,812B-506DE567E697,#¿NOMBRE?
383,BCFD-58A9A9A139DD,* Se han diseñado e implementado prácticas innovadoras que integran el uso de instrumentos astronómicos  fomentando una comprensión profunda de astronomía.  * Se ha promovido activamente la participación estudiantil en actividades extramuros  organizando s
384,96B2-FD6DEF62566D,Sincronías entre alumnos  maestros  directores  entre otros; con respecto  al desarrollo e innovaciones tecnológicas para la mejora del aprendizaje y el desarrollo de proyectos con impactos socioeconómicos a nivel regional. 
385,966C-D84AD8EF5342,Participación active en el diseño y actualización de asignaturas  análisis de indicadores y estrategías de mejora continua como parte del consejo consultivo del área de ciencias de la computación y presidencia de la Academia de Robótica Inteligente.    
386,9926-1F04C0461704,Paticipación en los siguientes ajustes curriculares:  2025 Ajuste de la Maestría en Materiales UASLP   2019 Ajuste del programa de Ingeniería Mecánica UASLP  2015 Ajuste del programa de Ingeniería Mecánica UASLP
