3,A747-97D1672F5F4B,SECRETARIA DE COMUNICACIONES Y TRANSPORTES DEL GOBIERNO DEL ESTADO,Proyectos de Ingeniería enfocados al Servicio de Transporte Público tanto en la Capital del Estado como en el interior del mismo. ,ago-97,mar-21
4,A747-97D1672F5F4B,SECRETARIA DE COMUNICACIONES Y TRANSPORTES DEL GOBIERNO DEL ESTADO,Proyectos de Ingeniería de Telecomunicaciones tanto en la Capital del Estado como en el interior del mismo.,ago-97,mar-21
6,8793-C272A821451E,Procuraduría General de Justicia del Estado de San Luis Potosí,Director de Informática de la PGJE,ene-07,nov-07
7,8793-C272A821451E,Procuraduría General de Justicia del Estado de San Luis Potosí,Subdirector de Informática de la PGJE,ago-04,mar-06
8,8793-C272A821451E,Secretaría de Desarrollo Económico del Gobierno del Estado de SLP,Subdirector de Informática,abr-06,dic-06
9,8793-C272A821451E,Quad-Tree S.A de C.V.,Administrador de Proyectos,ene-08,jul-08
10,8793-C272A821451E,Secretaría de Planeación de Desarrollo del Gobierno del Estado de SLP,Subdirector de Información Presupuestal,ago-99,nov-03
11,898F-BF42CA1693A8,Minera San Xavier S.A. de C.V.,Coordinador Ambiental,jun-05,jul-07
12,AF62-DEEEEBC30D9C,DANA CORP. LLC,LEAN ENTERPRISE LIDER,jun-07,nov-08
13,AF62-DEEEEBC30D9C,BOSCH BRAKING SYSTEM,PRODUCTION SYSTEMS Y CIP/LEAN LIDER,abr-96,jun-07
14,AF62-DEEEEBC30D9C,LUCAS VARITY FUEL SYSTEM,GERENTE DE PLANTA,mar-95,abr-96
16,AF62-DEEEEBC30D9C,CUMMINS ENGINE CO.,ENGINEERING COORDINATOR,mar-85,jun-96
17,AF62-DEEEEBC30D9C,MEXINOX,OPERATIONS (QS/PR/MT) LIDER,abr-83,mar-85
18,B069-0AE3487B4177,SISTEMAS DIGITALES DE SEGURIDAD PRIVADA  S.A. DE C.V.,GERENTE DE OPERACIÓN,jul-97,ene-01
19,B069-0AE3487B4177,SERVICIOS GRÁFICOS POR COMPUTADORA,ANALISTA PROGRAMADOR CONSULTOR,jul-96,jun-97
20,B43D-248D087AE68A,VEKEL DE MEXICO  S.A. DE C.V  Aguascalientes  Ags,Jefe de Fabricación  ,ene-81,ene-82
21,B43D-248D087AE68A,Instituto Tecnológico de Tlalnepantla,Responsable del Programa de Formación y Superación de Docentes ,feb-82,dic-82
22,B43D-248D087AE68A,Universidad Autónoma Metropolitana,#¿NOMBRE?,mar-86,nov-88
23,B43D-248D087AE68A,Equipo y Máquinas Computarizadas  S.A. de C.V.,#¿NOMBRE?,jun-88,ago-90
24,B43D-248D087AE68A,Equipo y Máquinas Computarizadas  S.A. de C.V.,#¿NOMBRE?,sep-90,sep-92
25,B43D-248D087AE68A,Casa de Moneda de México  Planta San Luis Potosí.,Gerente de Fabricación de Troqueles y Herramientas Especiales ,sep-92,oct-18
26,897E-6AC4FB573B57,Universidad Autónoma Metropolitana. Unidad Iztapalapa - División Ciencias Básicas e Ingeniería,Ayudante tiempo parcial (10 horas/semana),mar-97,mar-99
27,897E-6AC4FB573B57,Proyectos de Ingeniería y sistemas ambientales  S.A. de C.V. ,Asesor técnico en medio ambiente control y disposición de residuos sólidos y tratamiento de aguas residuales.,ago-93,jul-95
28,897E-6AC4FB573B57,Comisión Nacional del Agua.,Técnico en Hidráulica,sep-92,may-93
29,BCAC-3E414E812BA6,H. Ayuntamiento de San Luis Potosí,Directora de Ecología y Aseo Público del H. Ayuntamiento de San Luis Potosí. San Luis Potosí. ,ene-17,abr-18
30,BCAC-3E414E812BA6,Secretaría del Medio Ambiente. Dirección General de Prevención y Control de la Contaminación. Dirección de Hidrología y Suelo-DDF,Verificador Administrativo,ene-99,ago-99
31,BCAC-3E414E812BA6,Instituto Mexicano del Petróleo. Representación Institucional Zona Marina. Dos Bocas. Departamento de Tecnología Ambiental,Prestador de servicios profesionales,mar-98,dic-98
32,BCAC-3E414E812BA6,Houseman Mexicana  S. A de C.V,Laboratorista de análisis de aguas de servicios industriales ,feb-96,feb-98
35,81C8-ABBD2E182908,SUSTINERI Consultoría y Proyectos Ambientales,Directora general,ago-17,NULL
36,81C8-ABBD2E182908,CHIPKO Abraza la Naturaleza A. C.,Representante Legal y directora,ago-20,NULL
37,8F13-580573C094AA,IN CYCLE ELECTRONICS MEXICO,GERENTE DE PLANTA ,oct-09,feb-17
38,8F13-580573C094AA,PETROQUIMICA DE ACEITES SA DE C.V.,AREA DE VALORACION DE RME,mar-17,may-24
39,8F13-580573C094AA,ASISTENCIA AMBIENTAL,ASESOR AMBIENTAL ,ene-02,mar-21
40,8F13-580573C094AA,PROFIQ,ASESOR AMBIENTAL ,jun-05,mar-21
41,903B-247B88A4760C,EWR,Servicios de Ingeniería.,may-17,ago-17
42,903B-247B88A4760C,Organización Metalvert  S. A. de C. V.,Servicios de Ingeniería.,jun-07,ene-13
43,903B-247B88A4760C,Metales Potosí  S. A. de C. V.,Gerente de Desarrollo Metalúgico.,nov-88,ago-94
44,903B-247B88A4760C,Servicios Industriales Peñoles.,Investigador B.,ene-87,nov-88
45,903B-247B88A4760C,CINVESTAV-IPN (Unidad Saltillo).,Profesor Auxiliar C.,nov-85,dic-86
46,903B-247B88A4760C,Metales Potosí  S. A. de C. V.,Ingeniero en Desarrollo Metalúrgico.,jun-81,nov-85
47,AC0C-96144F0179CC,3M México,Ingeniero en estudios Especiales,sep-95,sep-99
48,BDB6-EF35EF3C05BA,Centro de Capacitación en Ingeniería de Materiales,Encargado del Departamento de Ensayos No Destructivos,ene-04,mar-21
49,BD54-3B975FD9725C,RADIOMOVIL DIPSA,ASESOR DE SERVICIO TECNICO,nov-11,dic-15
50,BD54-3B975FD9725C,COPPEL,GERENTE ,dic-17,dic-18
51,BD54-3B975FD9725C,AEF ,SUPERVISOR DE UNIDAD DE NEGOCIO,dic-20,dic-21
52,8ADD-F22E706F5E02,Valeo Sistemas Eléctricos,Supervisor de producción,nov-16,nov-19
53,8ADD-F22E706F5E02,Valeo Sistemas Eléctricos,Ingeniero en mejora continua,jun-14,nov-16
54,8ADD-F22E706F5E02,Valeo Sistemas Eléctricos,Ingeniero de métodos,jun-13,jun-14
55,A7AB-C2055831FEE5,Grupo México Sa de CV,Asesor científico y tecnológico,ene-17,dic-20
57,A05B-AE7E97F1800E,SECRETARÍA DE COMERCIO Y FOMENTO INDUSTRIAL  a través del Consejo de Recursos Minerales; Gerencia de Exploración Geológica. ,Participación en la Elaboración de la Carta Geológica ? Minera y Geoquímica F14 ? 5 Carta Mante. Escala 1: 250 000. ,jun-00,ene-01
58,A05B-AE7E97F1800E,Consejo de Recursos Minerales  Distrito San Luis Potosí.,?Diplomado en Geología Aplicada a Proyectos Geológicos,may-01,jun-01
67,A05B-AE7E97F1800E,Consejo de Recursos Minerales; Gerencia de Exploración Geológica,Paleontología y Micropaleontología   de la Carta Geológica ? Minera y Geoquímica de la Carta El Estribo F14 ?A42. Escala 1: 50 000. ,jun-04,dic-04
68,B5AB-202D985E099D,Luo Smart ,Ingeniero de Diseño,sep-16,may-25
69,B5AB-202D985E099D,Tubesa,Inspector de Calidad ,ene-03,ago-03
70,A441-8582DDCA08DA,Cia. Minera Las Cuevas,Asistente de Investigador,nov-72,ene-73
71,A441-8582DDCA08DA,RAMSA San Luis Potosí,Asistente en Operaciones de Control de Calidad,feb-73,dic-74
72,A441-8582DDCA08DA,Aceros Nacionales S.A de C.V  Tlalnepantla  Edo.de Méx.,Superintendente de Control de Calidad,dic-78,mar-99
73,A441-8582DDCA08DA,Gerente de Aseguramiento de  Calidad,Nacional de Cobre Planta Cupro San Luis S.A. de C.V.,abr-02,ene-03
74,A441-8582DDCA08DA,Outokumpu Mexinox  San Luis Potosí,Coordinador Técnico de Apoyo a Clientes,jul-05,abr-16
75,8676-9B08C03A43C0,Mexicana de Cobre S.A. de C.V.,Consultoría,ene-08,dic-16
76,8676-9B08C03A43C0,Buenavista del Cobre S.A. de C.V.,Consultoría,ago-14,ago-16
77,8676-9B08C03A43C0,Mexicana de Cananea S.A. de C.V.,Consultoría,feb-03,may-05
78,84DC-44CACA11C77B,Valeo Sistemas Electricos (división térmico) ,consultorías asesorías y servicios  ,feb-00,ene-21
80,84DC-44CACA11C77B,Valeo Sistemas Eléctricos (división compresores) ,consultorías asesorías y servicios  ,mar-10,mar-21
81,ABEE-70E67AFB9226,Dolmart Construcciones S.A de C.V:,Gerente de proyectos,ene-10,may-23
82,ABEE-70E67AFB9226,Grupo ITH S.A de C.V,Gerente de proyectos,may-08,dic-10
83,ABEE-70E67AFB9226,Buga Construcciones S.A de C.V.,Ing. Proyectista,ago-05,ene-08
88,8012-B07EC3B654AF,"Restaurante ""Mi Casa""",Propietaria,sep-16,ago-17
89,8012-B07EC3B654AF,"Restaurante ""Casa Revuelta""",Propietaria,sep-17,dic-19
90,8012-B07EC3B654AF,CLASE CONSULTORES,Consultor,jun-10,ene-15
93,B548-C001774C5E41,PATRICIA DELGADO BADILLO,GERENTE GENERAL,ago-16,feb-21
94,B548-C001774C5E41,SURPETROL S.A. DE C.V.,COORDINADOR DE SSPA,jun-10,ago-11
95,B548-C001774C5E41,NEW LIFT SOLUTION MEXICO S.A. DE C.V.,COORDINADOR DE SEGURIDAD E HIGIENE,nov-12,ago-15
96,B548-C001774C5E41,EMS ENERGY SERVICES MEXICO  S. DE R.L. DE C.V.,SUPERINTENDENTE DE SSPA,ene-08,abr-09
97,B548-C001774C5E41,REFACCIONARIA REACING TEAM,GERENTE GENERAL,ago-16,dic-19
98,B548-C001774C5E41,CAL QUIMICA MEXICANA S.A. DE C.V.,JEFE DE SEGURIDAD E HIGIENE,sep-05,ene-08
99,B548-C001774C5E41,EXPLORACIONES Y TRITURADOS DEL PACIFICO,JEFE DE SEGURIDAD E HIGIENE,nov-03,may-05
101,93B9-FAAE7336C910,CALVEK SA DE CV,INGENIERO DE DISEÑO MECÁNICO,abr-17,sep-25
102,9FEF-FEB0A53EA59D,Persona física,Servicios profesionales de consultoría científica y ambiental,ene-05,jul-09
103,9FEF-FEB0A53EA59D,CEASSA SC,Elaboración del Plan de Manejo Integral de Residuos de las Terminales de Almacenamiento y Reparto de la Sugerencia Regional Centro de PEMEX Refinación,ago-08,ago-09
104,9FEF-FEB0A53EA59D,Universidad Autónoma de San Luis Potosí,Investigación para el desarrollo del Sistema Nacional de Vigilancia Fitosanitaria para el SENASICA,ago-09,jul-11
105,9FEF-FEB0A53EA59D,Ecomillenum SA de CV,Gerente técnico para el proyecto del Centro de Manejo Ambiental de Residuos para tratamiento y disposición de residuos peligrosos,ago-00,ago-02
106,9FEF-FEB0A53EA59D,ADC Consultoría SC,Ingeniero de diseño de sistemas de abastecimiento de agua potable y saneamiento,jun-99,jul-00
107,9FEF-FEB0A53EA59D,Grupo Gumar SC,Ingeniero supervisor de obra civil,ago-00,ago-01
108,B260-9109B86AFBA4,Universidad Autónoma de San Luis Potosí,Coordinadora del Sistema de Gestión. Agenda Ambiental,ene-11,ene-12
109,B260-9109B86AFBA4,Universidad Autónoma de San Luis Potosí,Coordinadora de Educación Ambiental y Sostenibilidad. Agenda Ambiental,feb-12,ene-16
110,B260-9109B86AFBA4,Universidad Autónoma de San Luis Potosí,Coordinadora del eje de Educación e Investigación. Agenda Ambiental,feb-16,abr-21
111,B28E-F8E515736A4E,Industrial Minera México Panta de CobreCananea Sanoara,Responsable de proyecto de Investigación ,abr-05,may-05
112,9D18-BDCA3FFF7140,Centro de Estudios  Asesorías y Servicios en Sistemas Ambientales S.C.,Especialista en modelación de flujo y transporte de contaminantes,abr-09,ene-12
113,B91E-9B0E4E43E39D,RAMSA,INVESTIGADOR EN TECNOLOGIA,sep-13,jul-15
114,B91E-9B0E4E43E39D,AUTOLITE,INGENIERO EN SOLDADURA Y PROCESOS,sep-12,sep-13
115,A2ED-6029BA837D37,Smart BT,Ingeniero de Software,oct-08,jul-15
116,A2ED-6029BA837D37,Globant,Ingeniero de Software,jul-15,abr-16
119,A2ED-6029BA837D37,Encora,Ingeniero de Software,abr-16,jun-22
120,966D-6081F3B5473F,MINERA DEL NORTE,ASESORÍA GEOLÓGICA MINA CERRO DEL MERCADO DGO,may-84,feb-85
121,966D-6081F3B5473F,CÍA MINERA MIQUIHUANA,ESTUDIO GEOLOGICO PROYECTO MEZQUITAL DEL ORO ZAC,mar-87,jun-87
122,966D-6081F3B5473F,MINERA DEL NORTE,REVISIÓN INFORMACIÓ GEOLÓGICA DE LA PERLA Y DEPÓSITOS CERCANOS,feb-87,NULL
123,966D-6081F3B5473F,MINAS DE SAN LUIS,ESTUDIO GEOLÓGICO DEL AREA DE ASIENTOS-TEPEZALÁ AGS,jul-87,dic-87
124,966D-6081F3B5473F,MINERA DEL NORTE,DICTAMEN PREELIMINAR DE LA MINA PÁNUCO MPIO DE CANDELA COAH,abr-88,abr-88
125,966D-6081F3B5473F,CIA MINERA LAS TORRES  PEÑOLES,CARTOGRAFÍA GEOLÓGICA ESC. 1:25000 DE LA SIERRA DE GUANAJUATO,ago-94,sep-95
126,966D-6081F3B5473F,CIA MINERA LAS TORRES  PEÑOLES,CARTOGRAFÍA GEOLÓGICA 1:10000 DEL DISTRITO MINERO DE GUANAJUATO SIERRA DEL CHORRO Y LOTE VILLALPANDO,oct-95,ago-96
127,966D-6081F3B5473F,CIA MINERA HOCHILD MEXICO SA DE CV,CARTOGRAFÍA GEOLÓGICA Y ESTUDIO ESTRATIGRÁFICO-ESTRUCTURAL DEL PROYECTO VENTANAS DISTRITO MINERO SAN DIMAS DGO,mar-06,oct-06
128,966D-6081F3B5473F,CIA MINERA PEÑA DE BERNAL SA DE CV,ESTUDIO GEOLÓGICO ESTRATIGRA´FICO ESTRUCTURAL EN EL ÁREA DEL PROYECTO SAN MARTÍN QRO,may-06,nov-06
129,966D-6081F3B5473F,CIA MINERA TIZAPA SA DE CV,CARTOGRAFÍA GEOLÓGICA DE LOS LOTES TIZAPA W Y SAN LUCAS ESTADO DE MÉXICO: ESTRUCTURA ESTRATIGRAFÍA Y EVOLUCIÓN TECTÓNICA PARA LA CARACTERIZACIÓN DE LAS ZONAS MIONERALIZADAS Y DEFINICIÓN DE LAS POSIBLES GUÍAS DE EXPLORACIÓN EN EL ÁREA,jun-15,jul-16
130,8B62-87B4C529460A,Fagor SA,Capacitación Curso de Metalurgia de Aleaciones de Aluminio impartido a la empresa Fagor Ederland      30 h Febrero de 2018 coordinador y ponente.,feb-18,feb-18
131,8B62-87B4C529460A,JKTK SA,Capacitación Curso de Caracterización microestructural de aceros al carbono impartido a la empresa       JTEKT Mayo de 2018 20 h coordinador y ponente,may-18,may-18
132,8B62-87B4C529460A,MABE SA,Capacitación Curso de Metalurgia impartido a la empresa MABE 10 h Marzo de 2018 coordinador y       ponente.,mar-18,mar-18
133,8B62-87B4C529460A,PPM Industries de México,Capacitación Curso-Taller de Principios de Metalurgia Física para no metalurgistas PPM Industries de        México S.A. de C.V. julio de 2018 10 h coordinador y ponente.,jul-18,jul-18
134,8B62-87B4C529460A,METALOR,CapacitaciónCurso sobre Metalurgia de Polvos impartido a la empresa METALOR 30 h Enero de 2017 Coordinador y ponente.,ene-17,ene-17
137,8B55-2FD9C2CDB9DB,UASLP-SINAVEF-DGSV_SENASICA,Coordinador de fitosanidad,jul-09,jul-12
138,8B62-87B4C529460A,Valeo Alternadores,Capacitación en tratamientos térmicos en aleaciones ferrosas Valeo Alternadores S.A. de      C.V. septiembre de 2018 32 h coordinador y ponente.,sep-18,sep-18
139,8B62-87B4C529460A,Peña Colorada Colima,Capacitación Propuesta de Diplomado en Metalurgia y Materiales Empresa Minera Benito Juárez Peña      Colorada Enero de 2019.,ene-19,ene-19
140,8B62-87B4C529460A,Costellium Automotive México,Capacitación Curso de Metalurgia física aplicada a aleaciones de Al Organizador y ponente,abr-21,abr-21
141,8B62-87B4C529460A,MABE SA,Capacitación Curso de Metalurgia Física organizador y ponente,mar-21,mar-21
146,A8DF-1E597B3CE75A,SAVMRO CONSULTORES SC,DIRECTORA GENERAL,ene-07,may-25
147,A8DF-1E597B3CE75A,SAVMRO CONSULTORES SC,SOCIA FUNDADORA (EMPRENDEDORA),nov-06,dic-21
148,A8DF-1E597B3CE75A,SAVMRO CONSULTORES SC,CAPACITADORA EXTERNA,ene-07,may-25
149,A8DF-1E597B3CE75A,BAKER TILLY MÉXICO S DE RL DE CV,CONSULTORA EN RECURSOS HUMANOS Y GERENTE ADMINISTRATIVO,jul-10,jul-12
150,A8DF-1E597B3CE75A,ABG INTERNACIONAL SA DE CV,CONSULTOR GERENTE DE NUEVOS PROYECTOS Y NEGOCIOS,mar-06,jul-10
151,A8DF-1E597B3CE75A,ABG INTERNACIONAL SA DE CV,CONSULTOR Y GERENTE DE NÓMINAS,ene-03,mar-06
152,A8DF-1E597B3CE75A,ABG INTERNACIONAL SA DE CV,CONTADOR Y ADMINISTRADOR GENERAL,nov-97,dic-02
153,A8DF-1E597B3CE75A,VALEO TÉRMICO SA DE CV,COORDINADOR DE CONTABILIDAD GENERAL CUENTAS POR PAGAR E IMPUESTOS,dic-92,jul-97
154,A8DF-1E597B3CE75A,FRAGANCIAS AROMÁTICAS SA DE CV,CONTADOR Y ADMINISTRADOR GENERAL,ene-90,dic-92
155,A8DF-1E597B3CE75A,GALARZA  VALENCIA  BÁRCENA  VERGARA Y CÍA,SUPERVISOR DE CONTABILIDAD E IMPUESTOS,ene-88,dic-89
156,A8DF-1E597B3CE75A,JESÚS CONDE MEJÍA SC,SUPERVISOR CONTABLE,ene-87,dic-87
157,A8DF-1E597B3CE75A,JESÚS CONDE MEJÍA SC,AUXILIAR CONTABLE,jun-86,dic-86
158,91D7-34FF3F297B62,Particular,Realización de ?Manifestación de Impacto Ambiental del proyecto: ?Operación de una empresa textil para la fabricación de guantes y artículos de protección personal ubicada en un área industrial al norte de la ciudad de San Luis Potosí S.L.P.? ,may-20,feb-21
159,91D7-34FF3F297B62,Particular,Realización de: ?Informe preventivo de impacto ambiental para la construcción y operación de un relleno sanitario en el Municipio de Cerritos S.L.P.? ,oct-19,sep-20
160,91D7-34FF3F297B62,Particular,Realización de Inf. Prev. para proyecto: Modificaciones al proyecto: ?Ampliación de servicios; instalación y operación de líneas nuevas de ensamble de tarjetas electrónicas en la empresa SIIX ubicada en el Parque Industrial Colinas de San Luis en S.L.P. S.,feb-18,sep-18
161,91D7-34FF3F297B62,Particular,Realización de: ?Estudio de riesgo ambiental nivel 0 del proyecto: Instalación para el aprovechamiento de gas natural en los servicios auxiliares de la empresa SIIX EMS MÉXICO S. de R.L. de C.V.? ,ago-17,abr-18
162,91D7-34FF3F297B62,Particular,Realización de: Solicitud de Opinión en Materia de Impacto Ambiental para la operación de la Fundidora BECARO S.A. de C.V. en San Luis Potosí S.L.P. ,jul-17,dic-17
163,91D7-34FF3F297B62,Particular,Realización de: Informe preventivo de impacto ambiental del proyecto denominado: ?Ampliación de servicios; instalación y operación de líneas nuevas de producción de componentes metálicos para la industria eléctrica? ,ene-17,may-17
164,91D7-34FF3F297B62,Particular,Realización de: Informe Preventivo de Impacto Ambiental para la Ampliación de Servicios; Instalación y Operación de líneas nuevas de ensamble de tarjetas electrónicas en la empresa SIIX ubicada en el Parque Industrial Colinas de San Luis en S.L.P. S.L.P,ago-15,abr-16
165,87F8-E1F97A6359BE,COLEGIO EXTON MILITARIZADO,DIRECTOR DE RECURSOS MATERIALES,ago-05,dic-21
166,87F8-E1F97A6359BE,COLEGIO EXTON MILITARIZADO,DIRECTOR DE RECURSOS HUMANOS,ago-05,dic-21
167,87F8-E1F97A6359BE,COLEGIO EXTON MILITARIZADO,DIRECTOR EDUCATIVO,ago-05,dic-21
168,87F8-E1F97A6359BE,JOHNSON Y ASOCIADOS,ABOGADO LITIGANTE,dic-04,dic-21
169,87F8-E1F97A6359BE,PROCURADURIA,AUXILIAR DE PERITO DE CAMPO,dic-04,dic-21
170,B82F-CA42E7A54014,SAVMRO Consultores  S.C.,Coordinador de Proyectos Gráficos y Mercadotecnia,feb-07,feb-09
171,B82F-CA42E7A54014,Despacho de Contadores Públicos  MARTÍNEZ LOREDO Y ZAPATA  S.C.,Jefe Administrativo de Sistemas y publicaciones (diseño).,may-98,oct-00
172,BCA4-02D1D7285BF0,Plano Informativo,Jefa de Información,nov-11,sep-15
173,BCA4-02D1D7285BF0,El Heraldo de San Luis,Subdirección Editorial,jun-10,oct-11
174,BCA4-02D1D7285BF0,MVS Radio   ,Reportera del noticiero ?Al día?,may-05,abr-10
175,BCA4-02D1D7285BF0,La  Jornada San Luis ,Reportera ,ago-99,oct-01
176,BCA4-02D1D7285BF0,Plano Informativo,Productora del Noticiero de Radio ?Contacto Informativo? ,nov-13,sep-15
177,9530-9ECECA695F0B,Programa de Botánica. Colegio de Postgraduados. Montecillo  México., Investigador Adjunto,ene-94,dic-95
178,9530-9ECECA695F0B,Komatsu Forklift Mfg. Co. of USA. La Palma  Ca. USA., Mecánico Ensamblador,ene-90,dic-93
179,9AC3-2DA92C92DF7C,Universidad Autónoma de San Luis Potosí,Investigador Asociado al proyecto FORDECYT,feb-13,abr-16
183,9839-3CF62708AA7C,GRUPOINDUSTRIAL PROGAR,JEFATURA AREA TECNICA,ene-91,feb-93
184,9839-3CF62708AA7C,MISSAMEX,GERENCIA PLANEACION Y CONTROL,mar-93,NULL
189,8B17-B9D38A9C7EC5,PERFORADORA INDUSTRIAL DE CAMPECHE S.A.DE C.V.,ING. WELL SITE TERMINACION Y REPARACION DE POZOS DE GAS,abr-10,ene-15
190,8B17-B9D38A9C7EC5,INSTITUTO MEXICANO DEL PETROLEO,INGENIERO SUPERVISOR  DE PERFORACION TERMINACION REPARACIONES MAYORES ,sep-08,abr-10
191,8B17-B9D38A9C7EC5,PEMEX,INGENIERO ESPECIALISTA TECNICO D- NIVEL 33-D,ago-02,ene-08
192,8B17-B9D38A9C7EC5,INSTITUTO MEXICANO DEL PETROLEO,SUPERVISOR DE OBRA EN PERFORACION Y TERMINACION DE POZOS DE GAS,sep-99,ago-02
193,8B17-B9D38A9C7EC5,GEOEVALUACIONES,OPERADOR DE HIDROCARBUROS ,ene-98,sep-98
194,8B17-B9D38A9C7EC5,CIA. ROTENCO DE S.A DE CV.,OPERADOR DE HIDROCARBUROS ,mar-97,oct-97
197,8B17-B9D38A9C7EC5,INEGI,RESPONSABLE DE BRIGADA DE FOTOIDENTIFICACION ,ene-93,mar-97
198,8B17-B9D38A9C7EC5,COMISION FEDERAL DE ELECTRICIDAD,INGENIERO GEOLOGO ,ago-92,dic-92
199,8B17-B9D38A9C7EC5,COMISION FEDERAL DE ELECTRICIDAD,INGENIERO GEOLOGO ,ene-91,nov-91
200,8B17-B9D38A9C7EC5,GOBIERNO DEL ESTADO DE SAN LUIS POTOSI,INGENIERO GEOLOGO ,ene-84,sep-85
201,B579-BDC7A118DF08,CEASSA  S.C,TECNICO DE PROYECTOS,ene-09,feb-12
202,B579-BDC7A118DF08,SECRETARÍA DE SEGURIDAD PÚBLICA DEL ESTADO DE S.L.P. CENTRO DE EVALUACIÓN Y CONTROL DE CONFIANZA,EVALUADOR SOCIOECONÓMICO,mar-12,dic-12
203,A16C-AFA7E8FEEA6F,Adhesivos para la construcción,Gerente de producción ,abr-09,dic-21
204,8054-94BD7091D401,Universidad Autónoma de San Luis Potosí,Asistente Administrativo,dic-13,may-21
205,8054-94BD7091D401,Personal,Arquitecta,ago-10,nov-13
208,895A-C168E87005E4,SECRETARIA DE ECOLOGÍA Y GESTIÓN AMBIENTAL,JEFE DE DEPARTAMENTO ,sep-95,may-21
209,97B0-E40EC464619C,Pemex Exploración y Producción ,Geólogo de Estudios Sedimentarios,jun-83,feb-85
210,97B0-E40EC464619C,Pemex Exploración y Producción  ,Geólogo de Subsuelo,feb-85,feb-90
211,97B0-E40EC464619C,Pemex Exploración y Producción  ,Geólogo de Geología Superficial,mar-90,feb-93
212,97B0-E40EC464619C,Pemex Exploración y Producción ,Geólogo de Caracterización de Yacimientos,feb-93,jul-98
213,97B0-E40EC464619C,Pemex Exploración y Producción ,Líder de Caracterización de Yacimientos ,ago-98,sep-06
214,97B0-E40EC464619C,Pemex Exploración y Producción ,Jefe del Área de Caracterización de Yacimientos ,oct-06,mar-09
215,97B0-E40EC464619C,Pemex Exploración y Producción ,Líder de Equipo de Diseño de Pozos de Aguas Profundas,mar-09,abr-16
216,AECC-3717A5139483,AACUI SAS DE CV,ASESOR,ene-17,may-21
217,AECC-3717A5139483,EMPRESA PRIVADA DEL GIRO EDUCATIVO NIVEL PREESCOLAR,ADMINISTRADOR,sep-92,may-21
218,AECC-3717A5139483,INDEPENDIENTE,CONSULTOR EN MATERIA DE AGUA,ene-99,may-21
219,B97D-DD6716447EFD,Secretaría de Ecología y Gestión Ambiental del Gobierno del Estado de SLP,Departamento de Información Geográfica,sep-97,may-21
220,BF99-069AB1B1876E,Centro Nacional de Metrología,Metrólogo B,oct-94,ago-03
221,9F70-631542E15748,Instituto Nacional de Geografía y Estadística (INEGI),Profesional ejecutivo de servicios especiales de información temática,jun-00,ene-02
222,9F70-631542E15748,Minera Santa Fé de México S.A de C.V  México,Geólogo consultor junior,nov-94,may-97
223,9F70-631542E15748,SERMOSA  S.A. de C.V.,Consultoría en imágenes satelitales,oct-99,dic-99
224,9F70-631542E15748,Consejo de Recursos Minerales  Residencia en Jalisco,Prácticas profesionales como geólogo de exploración,jun-93,ago-93
225,9F70-631542E15748,CONFESA  S.A. de C.V.,Servicio social en compañía de perforación de pozos de agua,ene-92,may-93
226,9F70-631542E15748,Consejo de Recursos Minerales  Residencia en Sonora,Prácticas profesionales como geólogo de exploración,jun-93,ago-93
227,9F70-631542E15748,Consejo de Recursos Minerales  Residencia en Oaxaca,Prácticas profesionales como geólogo de exploración,jun-91,ago-91
228,8B90-DF6C040A0CD5,Instituto Nacional de Ecología y Cambio Climático,Jefe del Departamento de Determinación Gravimétrica y Morfológica de Partículas,jun-12,ene-14
229,8B90-DF6C040A0CD5,Instituto Nacional de Ecología,Consultor especialista,mar-12,may-12
230,8B90-DF6C040A0CD5,Instituto Nacional de Ecología,Consultor,may-11,dic-11
231,8B90-DF6C040A0CD5,Secretaría de Medio Ambiente D.F.,Líder de Proyectos III. Mediante Concurso Jóvenes talento D.F.,sep-07,sep-09
232,8B90-DF6C040A0CD5,AEQUUM A.C.,Ingeniero Químico y Ambiental. Asesor Técnico en Compañía AEQUUM A.C.,ene-10,nov-10
233,8B90-DF6C040A0CD5,PEMEX,Ingeniero Químico. Productos e Importaciones Especiales de S.A. de C.V. Subcontratos por proyectos en PEMEX (Reynosa Villahermosa y Coatzacoalcos),jun-06,oct-06
234,8B90-DF6C040A0CD5,Grupo de Ingeniería Reivil. S.A.de C.V.,Ingeniero Químico. Grupo de Ingeniería Reivil S.A. de C.V. (Subcontrato para DVN México (Det Norse Veritas) en la Dirección de Administración de la Comisión Federal de Electricidad (CFE)),abr-04,nov-04
235,8B90-DF6C040A0CD5,American Brakeblock Balatas,Ingeniero Químico,abr-03,sep-03
236,8B90-DF6C040A0CD5,UNAM,Ingeniero Químico y Ambiental. Apoyo en el monitoreo de campañas ambientales en diversos estados del país.,mar-00,dic-11
237,9CD4-C3F1E58742DD,Peñoles,Ingeniero en entrenamiento,feb-96,nov-97
238,9CD4-C3F1E58742DD,3M México,Ingeniero de desarrollo de productos,dic-97,nov-98
239,BC92-8E3D54432C8E,New Gold Minera San Xavier,Colaborador proyecto FORDECyT,ene-13,abr-16
240,BC92-8E3D54432C8E,New Gold Minera San Xavier,Colaborador proyecto Programa de remediación,abr-18,jul-19
241,BC92-8E3D54432C8E,Newmont Minera Peñasquito,Instructor,ene-20,ene-20
242,BC92-8E3D54432C8E,GoldCorp Minera Peñasquito,Instructor,ago-18,ago-18
243,BC92-8E3D54432C8E,Minera Hecla,Instructor,ene-17,ene-17
244,BC92-8E3D54432C8E,New Gold Minera San Xavier,Colaborador proyecto remediación,nov-20,may-21
245,961E-D1D3CBCC7E87,Servicios de Agua Potable y Alcantarillado de Oaxaca (SAPAO),Consultoría profesional,mar-20,may-21
246,96BA-EB25A6DA1F69,CEASSA  S.C.,Asesor de proyecto,feb-12,sep-12
247,96BA-EB25A6DA1F69,Empresa Seguridad Integral.,Asesor especialista en Medio Ambiente Seguridad e Higiene,ene-10,sep-18
248,96BA-EB25A6DA1F69,CONCEPT HOUSE  S.A. de C.V,Asesor de Medio Ambiente Seguridad e Higiene,mar-10,dic-10
249,96BA-EB25A6DA1F69,Plastiglas de México S.A. de C.V,Gerente de Medio Ambiente seguiridad e Higiene,ene-99,abr-08
250,96BA-EB25A6DA1F69,Compañía Minera Las Cuevas S.A. de C.V,Asistente Planta de Beneficio,ene-90,dic-99
251,8B2B-86A0682C7ECD,Cía. Minera San Xavier/New Gold co. Cerro de San Pedro S.L.P.,Responsable del convenio: estabilidad de taludes en el tajo Cerro de San Pedro. ,ene-17,nov-17
252,8B2B-86A0682C7ECD,Cía. Minera Tizapa. S.A de C. V./Fresnillo plc.,Responsable del convenio y responsable técnico del proyecto Estratigrafía y estructura de los lotes Tizapa-W y San Lucas Estado de México ,sep-15,oct-16
254,B2B9-C9CB95F55072,Comisión Federal de Electricidad  PH Río Verde  Oaxaca,Geólogo de exploración,nov-90,dic-91
255,B2B9-C9CB95F55072,Comisión Federal de Electricidad  PH Paso de la Reina  Oaxaca,Geólogo de exploración y encargado de proyecto,jul-91,dic-92
256,B2B9-C9CB95F55072,Comisión Federal de Electricidad  PH Omitlán  Guerrero,Encargado de proyecto y Residente PH Omitlán Gro.,ene-93,dic-97
257,B2B9-C9CB95F55072,Instituto de Minería  Universidad Tecnológica de la Mixteca  Oaxaca,Profesor-Investigador,sep-08,sep-15
258,B2B9-C9CB95F55072,Servicio Geológico Mexicano (SGM),Coordinador y jefe de carta,sep-15,may-17
259,8B07-A4FEB5EE43AD,Geoconstructora Muñoz S.A. de C.V. , PERFORACIÓN DE POZOS,ene-14,may-20
260,8B07-A4FEB5EE43AD,Geoconstructora Muñoz S.A de C.V.,ESTUDIOS GEOFÍSICOS - GEOHIDROLÓGICOS,ene-14,may-20
264,8E44-4CD5A2183D30,Comisión Federal de Electricidad (Departamento de Geotermia),Geólogo de exploración,ago-90,feb-91
265,8E44-4CD5A2183D30,Compañía Geofísica Mexica,Geología de exploración.,ene-88,mar-90
266,9F2E-690464EFFA85,Mesoamerican Explore S.A.S. de C.V. San Luis Potosí  S.L.P.,Consultor,ene-19,jun-21
267,9F2E-690464EFFA85,AMEX Inc. Montreal  Quebec  CANADA,Senior Geologist,ene-13,may-13
268,9F2E-690464EFFA85,Minerales X-ORE S.A. de C.V. (filial de AMEX Inc.). Hermosillo  Son.,Subgerente de Exploracion,ene-12,dic-12
269,9F2E-690464EFFA85,Minerales X-ORE S.A. de C.V. (filial de AMEX Inc.). Hermosillo  Son.,Geólogo senior,may-10,dic-11
273,9F2E-690464EFFA85,Minera Real Bonanza S.A. de C.V. (filial de NORMABEQ). Real de Catorce  S.L.P.,Geólogo de proyecto,sep-07,mar-08
274,9F2E-690464EFFA85,Instituto Nacional de Estadística  Geografía e Informática (INEGI). DRCN. San Luis Potosí,Instructor de capacitación,jun-02,ago-02
275,9F2E-690464EFFA85,Instituto Nacional de Estadística  Geografía e Informática (INEGI). SEDE Central. Aguascalientes  Ags.,Profesional Ejecutivo en Servicios Especializados,ago-00,ene-02
276,9F2E-690464EFFA85,MINEXPLORA S.A. de C.V. Colima  Col.,Supervisor de barrenación,dic-99,ago-00
277,9F2E-690464EFFA85,Fresnillo Servicios S.A. de C.V. (Peñoles). Querétaro  Qro.,Geólogo de exploración,jul-95,jul-97
278,9F2E-690464EFFA85,Minera Cuicuilco S.A. de C.V. (filial de CYPRUS-AMAX). Guadalajara  Jal.,Geólogo junior,oct-94,abr-95
279,9F2E-690464EFFA85,Contratistas y Servicios S.A. de C.V. (CONFESA). San Luis Potosí  S.L.P.,Geólogo,dic-92,jun-93
280,8B39-6475BF5A282E,Compañía minera Las Cuevas S.A de C.V.,Geologo de exploracion,sep-77,nov-82
281,8B39-6475BF5A282E,Compañía minera Las Cuevas S.A de C.V.,Asistente a la Gerencia de Operaciones,dic-82,dic-84
282,8B39-6475BF5A282E,Compañía minera Las Cuevas S.A de C.V.,Superintendente de Ingeniería Industrial,ene-85,nov-88
283,8B39-6475BF5A282E,Compañía minera Las Cuevas S.A de C.V.,Gerente de control de operaciones,dic-88,nov-89
284,8B39-6475BF5A282E,Compañía minera Las Cuevas S.A de C.V.,Superintendente General,dic-89,dic-90
285,8B39-6475BF5A282E,Compañía minera Las Cuevas S.A de C.V.,Gerente General,ene-90,jul-96
286,8B39-6475BF5A282E,Perforaciones y Minería  S.A. de C.V.,Gerente General,nov-96,nov-02
287,8B39-6475BF5A282E,Perfomineria doble R  S.A. de C.v.,Director,ene-03,ago-24
288,961E-D1D3CBCC7E87,Comités técnicos de agua subterránea (Cotas) según la Comisión Nacional del Agua (CNA),Geólogo en área de hidrología,ago-14,dic-14
289,B0BC-B5007BAAE968,TBC de México,Ingeniero de Calidad (QA),ene-14,dic-14
290,B0BC-B5007BAAE968,Consejo Potosino de Ciencia y Tecnología (COPOCYT),Prestador de servicios profesionales,ago-12,dic-13
291,B0BC-B5007BAAE968,Contactum  QRE.,Asesor de soporte técnico,ago-09,dic-10
292,8124-EC5803EE2762,Instituto Nacional de Estadística  Geografía e Informática  (INEGI),Subjefe de Departamento de Tratamiento y Estructuración de Datos Geográficos,mar-91,dic-09
293,8124-EC5803EE2762,Proyectos Habicacionales S. A. de C. V.   Grupo Caletto,Jefe del Área de Sistemas y de Proyectos Habitacionales,ene-10,mar-13
294,8124-EC5803EE2762,Sinow,Asesor y promotor de Desarrollos Habitacionales en San Luis Potosi,abr-13,abr-15
295,8124-EC5803EE2762,Ciudad Maderas San Luis Potosí,Asesor de Desarrollos Residenciales en San Luis Potosí y Estados vecinos,may-15,dic-18
296,8124-EC5803EE2762,Industrias Leo S. A. de C. V.,Inversiones Inteligentes,ene-19,jun-21
298,AE08-4698961972FC,PEÑOLES UNIDAD NAICA,JEFE DE GEOLOGOS,ago-82,dic-86
299,AE08-4698961972FC,PEÑOLES MINERA LAS TORRES,JEFE DE GEOLOGOS,ene-87,dic-87
300,AE08-4698961972FC,CIA FRRSNILLO UNIDAD FRESNILLO,SUPERINTENDENTE DE EXPLORACION,ene-88,dic-97
301,AE08-4698961972FC,PEÑOLES MINERA LAS TORRES,SUBGERENTE,ene-98,dic-03
302,AE08-4698961972FC,PEÑOLES PROYECTO MEZCALA ,GERENTE DE PROYECTO,ene-04,jul-05
303,AE08-4698961972FC,PEÑOLES UNIDAD NAICA,GERENTE DE UNIDAD MINERA,ago-05,feb-11
304,997A-AB1828654532,Compañía Constructora  Perforadora y de Estudios Geos  S. A. de C. V. (ResLab Geos México),Geólogo analista,oct-07,dic-08
305,997A-AB1828654532,Servicio Geológico Mexicano (SGM),Ingeniero Geólogo,ago-07,sep-07
306,997A-AB1828654532,CARDONA BENAVIDES Y ASOCIADOS  S.C.,Geólogo de campo,nov-05,nov-05
307,997A-AB1828654532,Consejo de Recursos Minerales (COREMI),Ingeniero Geólogo,may-03,dic-03
308,AE08-4698961972FC,PEÑOLES UNIDAD VELARDEÑA,GERENTE DE UNIDAD MINERA,mar-11,abr-15
309,AE08-4698961972FC,MANCERA EY,ASESOR,ene-17,may-21
310,AE8D-E5CD887CE287,CUMMINS S. DE R.L. DE C.V.,TECHNICAL TRAINER SENIOR POWER GENEATION,ago-07,feb-11
311,AE8D-E5CD887CE287,METALSA S. DE R.L.,PLANEADOR COMPRADOR NEGOCIADOR,jul-03,ago-07
312,AE8D-E5CD887CE287,PSSI,PROGRAMADOR PLANEADOR COMPRADOR,dic-02,jul-03
313,AE8D-E5CD887CE287,CUMMINS S. DE R.L. DE C.V.,PLANEADOR COMPRADOR,mar-00,dic-01
314,AE8D-E5CD887CE287,TRACSA,INGENIERO DE MANTENIMIENTO,sep-99,mar-00
315,AE8D-E5CD887CE287,FACULTAD DE INGENIERÍA  U.A.S.L.P.,INSTRUCTOR EN LABORATORIO DE PROCESOS DE MANUFACTURA,feb-98,jun-99
316,BE57-96B19C4BE341,SM CYCLO DE MÉXICO SA DE CV,INGENIERO DE SERVICIO AL CLIENTE ,jun-06,oct-14
317,BE57-96B19C4BE341,MASE ENERGY SA DE CV,SUBDIRECTORA GENERAL ,ene-16,nov-18
318,A671-CCC4DB53F52B,Facultad de Ingeniería-UASLP,Consultor en Hidrogeologia,feb-02,jun-24
321,8B9E-D37B05FCF21B,INDUSTRIA DEL HIERRO  QUERÉTARO  QRO.,DISEÑO DE MOLINOS DE AZÚCAR (CNIA),jun-75,ago-77
322,8B9E-D37B05FCF21B,SECRETARIA DE AGRICULTURA Y RECURSOS HIDRÁULICOS (SARH  CFE),PROYECTISTA DE EQUIPOS DE BOMBEO,ene-78,dic-88
323,8B9E-D37B05FCF21B,SECRETARIA DE AGRICULTURA Y RECURSOS HIDRÁULICOS (SARH  CFE),JEFE DE OFICINA DE PLANTAS DE BOMBEO,ene-89,dic-91
324,8B9E-D37B05FCF21B,SECRETARIA DE AGRICULTURA Y RECURSOS HIDRÁULICOS (SARH  CFE),ESPECIALISTA AGROPECUARIO FORESTAL E HIDRÁULICO,ene-92,ago-92
325,86D1-5462E241766C,Pailería Especializada  Equipos y Tanques S.A. (PEETSA),Ingeniero de Proyectos,oct-86,mar-88
326,9FD7-04AA740996E7,Negocio Propio,Dueño/Gerente,sep-12,jun-21
327,9FD7-04AA740996E7,H. Ayuntamiento de San Luis Potosí,Coordinador de Ejecución Fiscal,dic-09,sep-12
328,9FD7-04AA740996E7,Nrtec Desarrollos Tecnológicos S.A. de C.V. San Luis Potosí  S.L.P. México,Gerente de Proyecto Y Logística,may-09,nov-09
329,9FD7-04AA740996E7,Negocio Propio,Dueño/Gerente,jun-08,abr-09
330,9FD7-04AA740996E7,Color Resolutions de México  S de R.l. de C.V Querétaro  Qro. México,Director Regional,oct-06,may-08
331,9FD7-04AA740996E7,Thomas Products de México S.A. de C.V. San Luis Potosí  S.L.P. México,Presidente de Operaciones en México,dic-97,oct-06
332,9FD7-04AA740996E7,ABG Internacional S.A. de C.V; San Luis Potosí  SLP. México,Consultor Senior,nov-96,dic-97
333,9FD7-04AA740996E7,Moore Business Forms de Mexico S.A. de C.V.,Gerente de Plantas de CCS (Customer Communications Services),sep-79,oct-96
334,8848-48AE333AF935,Servicios Particular de Diseño a varias Empresas,Área de Diseño,ene-98,ene-21
335,8848-48AE333AF935,Mabe Compresores,Área de diseño,ene-96,ene-97
336,8848-48AE333AF935,Tisamatic,Área de Diseño,ene-95,feb-96
343,9A78-53B1701FA2F9,Corporativo Industrial Cazvi  S.A  de C.V,Encargada de Recursos Humanos y Compras,feb-03,ago-05
344,9A78-53B1701FA2F9,Programa para abatir el rezago educativo,Apoyo administrativo,jun-99,sep-01
345,9A78-53B1701FA2F9,Consejo estatal de agua potable  alcantarillado y saneamiento,Staff de planeación,ene-98,nov-99
346,9A78-53B1701FA2F9,A - Z Proyectos estratégicos  S.A de C.V,Socio consultor,feb-91,oct-94
349,A8BC-DB8861AF4656,CONSTRUCCIONES   Y  PROYECTOS  ELECTROMECANICOS,GERENTE  GENERAL Y  SOCIO.  PROYECTOS  EN  LA  INDUSTRIA,ene-64,ene-95
350,A8BC-DB8861AF4656,GOBIERNO  DEL  ESTADO  DE  SLP,COORDINADOR  DE  ENLACE  CON EL  SECTOR  EMPRESARIAL,jul-05,jul-07
351,A8BC-DB8861AF4656,GRUPO  CONSTRUCTOR  LA  SECA  SA  DE CV.  CONSTRUCCIONES  EN  GENERAL,DIRECTOR  GENERAL  DE  LA  EMPRESA .,ago-04,ago-21
352,A8BC-DB8861AF4656,MUNICIPIO  DE  SAN  LUIS  POTOSI,PRESIDENTE  DEL  COMITE  DE  PARTICIPACION  CIUDADANA  DEL  INSTITUTO  MUNICIPAL  DE  PLANEACION,sep-06,sep-11
353,8786-0DCD2FE4090B,GEOLOGOS CONSULTORES ASOCIADOS,GEOLOGO-GEOFISICO,feb-79,jun-79
354,8786-0DCD2FE4090B,CONSEJO DE RECURSOS MINERALES,GEOLOGO DE EXPLORACION,jun-79,ago-79
355,8786-0DCD2FE4090B,LA OLMECA. S A . Exploracion de pozos de agua,GEOLOGO DE EXPLORACION Control tecnico de pozos.,ago-79,ene-80
356,8786-0DCD2FE4090B,INDUSTRIAL MINERA MEXICO S A DE C V.,GEOLOGO-GEOFISICO,ene-80,dic-84
357,8786-0DCD2FE4090B,INDUSTRIAL MINERA MEXICO S A DE C V.,EVALUACION DE PROYECTOS,dic-84,jun-87
358,8786-0DCD2FE4090B,INDUSTRIAL MINERA MEXICO S A DE C V.,JEFE DE LA SECCION DE GEOFISICA,jun-87,jun-91
359,8786-0DCD2FE4090B,INDUSTRIAL MINERA MEXICO S A DE C V.,GEOLOGO REGIONAL,jun-91,jun-16
360,A64C-59DFAE96FC05,Fundación Maná AC,Presidente,ene-95,ene-01
361,A64C-59DFAE96FC05,Derivados Acrílicos SA de CV,Ingeniero de Proceso,jul-89,ago-92
362,A64C-59DFAE96FC05,Constructora y urbanizadora Las Lomas,Responsable de la Planta Potabilizadora Filtros II,ago-88,ene-90
363,80C7-60C585C6226B,División de Informática de la Universidad Autónoma de San Luis Potosí,Desarrollador (Servicio Social),ago-18,feb-19
364,80C7-60C585C6226B,Prybe Protecciones y Beneficios S.C.,Desarrollador (Prácticas Profesionales),ene-19,abr-19
371,8305-B2482C290FD9,DIVISIÓN DE INFORMÁTICA  UASLP,Asistente de Programación,abr-13,nov-15
372,80C7-60C585C6226B,SitiLab Creative Developers,Desarrollador Jr,mar-19,dic-21
374,80C7-60C585C6226B,SitiLab Creative Developers,Project Manager,ene-22,jun-22
377,BCAE-26B18BAE1871,Softtek,Ingeniero de Software,nov-08,ene-17
379,8305-B2482C290FD9,CONSEJO POTOSINO DE CIENCIA Y TECNOLOGÍA,Encargada de Área de Informática,jul-12,mar-13
380,BCAE-26B18BAE1871,Nielsen,Application Development Engineer,ene-17,mar-20
381,991C-FA129880F0E0,SmartBT  S. A. de C. V.,Programación de aplicaciones,ago-09,ago-10
384,BCAE-26B18BAE1871,Encora,Ingeniero de Software,mar-20,jun-22
385,991C-FA129880F0E0,UASLP  Área de Computación e Informática,Programador/Administrador de Servidores,ago-10,ago-22
386,991C-FA129880F0E0,Ecoterra  Servicios Ambientales,Programador de aplicaciones Web,nov-11,abr-14
388,991C-FA129880F0E0,Instituto Potosino de Investigación Científica y Tecnológica A.C.,Programador/Administrador de Servidores,nov-15,ago-24
389,9847-C4B0B0FF4FB1,Vitromatic SA de CV,Ingeniero de Sistemas ,oct-91,jul-93
390,9847-C4B0B0FF4FB1,IMEC  AC,Ingeniero de Sistemas  ,may-89,oct-91
391,9847-C4B0B0FF4FB1,Envases Plásticos SA de CV,Departamento de compras ,mar-87,may-89
392,993E-21D40A6E5A70,University of Colorado at Colorado Springs,Director del Depto. de Tecnologías de la Información Facultad de Ingeniería,may-13,may-17
393,9B3F-444E76CF06B4,Medi-Field,Ingeniero de servico,sep-10,mar-11
394,9B3F-444E76CF06B4,Schweitzer Engineering Laboratories  SA de CV,Ingeniero en Automatización ,abr-15,dic-15
395,94D6-EC76BCD5E666,Asociación Mexicana de Robótica,Programador,dic-01,jun-02
396,94D6-EC76BCD5E666,Mantenimiento Industrial,Jefe de departamento informática,jul-02,jun-03
397,8E77-F80D8117A6DB,Instalación de automatismo en la empresa Colgate-Palmolive Sn Jose Iturbide ,Integrador de Automatismos,abr-22,abr-22
398,8E77-F80D8117A6DB,Diseño y Automatización de sistema expendedor de materiales (MexiChem-GM),Integrador de Automatismos,abr-22,abr-22
399,AF96-D1BC7AFA1A2E,Avantel - Monterrey  México,Ingeniero de Soporte,ene-97,ago-98
401,AF96-D1BC7AFA1A2E,Nortel Networks - Texas  EE.UU:,Programador de Software,sep-99,jul-05
402,8E77-F80D8117A6DB,Industrial Minera México S.A de C.V,Programador de rutas de mantenimiento ,ago-89,ago-90
403,8E77-F80D8117A6DB,Constructora Rangel-Valoran ,Programador Analista,sep-90,jun-91
404,B610-8E7B2AE0F220,Instituto Tecnológico de Estudios Superiores de Monterrey (ITESM) campus SLP,Auxiliar Administrativo,feb-01,abr-02
405,B610-8E7B2AE0F220,Soluciones de Cómputo Avanzadas (SCA),Ingeniero de Soporte,nov-02,feb-08
406,B610-8E7B2AE0F220,Servicios Corporativos Summa,Encargado de Site,sep-08,feb-09
407,B610-8E7B2AE0F220,Distribuidora Potosina de GAS (POTOGAS),Auditor Interno,jul-09,abr-11
408,B610-8E7B2AE0F220,Consultoría Integral en Sistemas y Comunicaciones (CISTEL),Axuliar de Telefonía,nov-11,feb-14
409,BAE0-B749130E6D94,Instituto Potosino de Investigación Científica y Tecnológica,Auxiliar en Planeación Técnica y Administrativa,oct-21,jun-25
411,BAE0-B749130E6D94,Secretaría de Ecología y Gestión Ambiental  Gob Estado SLP,Director de Area,ene-16,sep-21
413,BAE0-B749130E6D94,Secretaría de Medio Ambiente y Recursos Naturales,Jefe de Departamento de Tecnología y Sistemas,jun-01,dic-15
418,8E77-F80D8117A6DB,Gobierno Municipal: Rastro Municipal de Salvatierra Guanajuato,Diseño e implementación de un sistema automático de filtrado de solidos de aguas residuales,jul-96,feb-97
419,8E77-F80D8117A6DB,CUPRO San Luis,Diseño de Banco de Pruebas de tubería aleteada para refrigerante,jul-02,ago-02
420,BECB-C0B6A90CCD7C,Universidad Autónoma de San Luis Potosí,Consultor en el desarrollo del sistema de resultados electorales preliminares (PREP),jun-06,jul-06
421,BECB-C0B6A90CCD7C,Universidad Autónoma de San Luis Potosí,Asesor del Sistema para la Detección de Enfermedades Psiquiátricas (SIDEP),feb-17,mar-20
422,BECB-C0B6A90CCD7C,Metadata,Ejecutivo en Tecnologías de la Información,jun-00,ago-01
423,BECB-C0B6A90CCD7C,TECDESIS Sistemas S.A. de C.V.,Líder de proyectos,ene-92,ene-97
424,A64D-412F84DB591F,Sistemas Digitales de Seguridad privada,Desarrollador de software,feb-12,ago-13
425,A64D-412F84DB591F,Universidad Autónoma de San Luis Potosí,Coordinador de Área Poniente DUI,ene-11,may-12
426,B5AB-202D985E099D,Instituto Mexicano de Tecnologia del Agua,Laboratorista,mar-02,ago-04
427,AC3C-4A4A7A967568,111BTEC,Software Engineer,feb-19,dic-19
428,AC3C-4A4A7A967568,ENKODER,Software Engineer,ene-20,dic-21
429,AC3C-4A4A7A967568,WIZELINE,Software Engineer,ene-22,abr-25
430,AD1A-452EF9CE43C4,Universidad Autónoma de San Luis Potosí - Facultad de Ingeniería,Analista Programador,nov-10,ago-14
431,AD1A-452EF9CE43C4,Universidad Autónoma de San Luis Potosí - Sistema de Bibliotecas,Programador de Software,oct-01,nov-10
435,95C2-B3B572E4D7C5,Instituto Potosino de Investigación Científica y Tecnológica AC,Coordinador de Tecnologías de la Información,may-15,jun-25
440,8D45-AE2193E5B62A,Universidad Autónoma de San Luis Potosí,Desarrollador Web,abr-08,dic-08
441,8D45-AE2193E5B62A,Universidad de Birmingham-UKIERI,Investigador,ene-09,dic-11
442,8D45-AE2193E5B62A,UASLP-PRODEP,Investigador,dic-14,nov-15
443,8D45-AE2193E5B62A,UASLP-CONACYT,Investigador,ene-13,dic-15
444,8D45-AE2193E5B62A,CONACYT-PRONACES,Investigador,sep-20,oct-22
445,A469-16CF6916B468,UNIVERSIDAD DEL CENTRO DE MEXICO,Coordinador de la carrera de Lic. en Computación,ene-93,ago-94
446,A469-16CF6916B468,SCHWEITZER ENGINEERING LABORATORIES  SA DE CV,DESARROLLO DE SOFTWARE ,mar-11,ene-15
447,A469-16CF6916B468,PRESA EL REALITO  SLP,DESARROLLO DE SISTEMA DE MONITOREO DE CONSTRUCCION ,nov-09,nov-11
448,8227-77495DF8DF31,DASA,Analista de Sistemas Computacionales,jun-90,ago-91
449,8BFA-B0290238356D,International Kitchens  S. A. de C. V,Soporte técnico y mantenimiento,dic-97,jul-99
450,8BFA-B0290238356D,Marlik S.A. DE C.V.,Responsable del area de sistema,ago-99,may-00
451,8BFA-B0290238356D,Instituto Nacional de Migración,Coordinador de área de informática,may-00,dic-07
454,9879-2BE06564A662,CENACE,Supervisor Operativo,feb-18,abr-19
455,9AE5-47D36683045F,Consejo Estatal Electoral de S.L.P.,Jefe del Departamento de Informática,ene-99,jul-00
456,9AE5-47D36683045F,Proyecto de Investigación ?Sistema automático para la interpretación inmediata de mamografías para la determinación del riesgo de cáncer?,Investigador asociado,ago-21,jul-22
458,9C70-C62D5ED56B30,Grupo PISSA,Ingeniero de Soporte en Sitio,ago-05,ene-06
459,9C70-C62D5ED56B30,Bebidas Mundiales  S.A. de C.V.,Coordinador de Información de Ventas,feb-06,ago-10
460,9C70-C62D5ED56B30,Secretaria de Salud del Estado de San Luis Potosí,Operador de Sistema SINOS,feb-11,jun-11
461,9C70-C62D5ED56B30,Bebidas Mundiales  S.A. de C.V.,Coordinador de Información de Ventas,jul-11,oct-12
465,9F1A-84C2727E7700,Quantum Marketing,UI Visual Designer,jun-14,dic-15
466,9F1A-84C2727E7700,Reserva App,UI Visual Designer,jun-14,dic-15
467,9F1A-84C2727E7700,Pixel y byte,UX/UI Designer,jun-16,oct-22
468,955B-39B9328CD764,AquaFresk (R) ,Gerente de planta,ene-07,feb-12
469,955B-39B9328CD764,Centro de investigación y estudios de posgrado ,Diseño de un equipo de deshidratación solar,ene-09,dic-12
470,802D-F0618983AC6A,Kav Drilling,Auxiliar de Control de Residuos Sólidos,mar-19,nov-21
471,9FF4-644CD34EC2BB,Red de Tecnología Agrícola ,Gerente,ago-12,jul-13
472,9FF4-644CD34EC2BB,Fundación Produce SLP,Responsable Estatal de proyecto de amaranto  ,ago-12,jul-13
473,9FF4-644CD34EC2BB,Rancho Agrícola del Valle,Gerente operativo ,sep-09,jun-11
474,9FF4-644CD34EC2BB,Federación de Caprinocultores del Altiplano Mexicano,Gestión de proyecto ,may-07,jul-09
475,9FF4-644CD34EC2BB,Auxiliar tecnico,Rancho Agrícola Hermanos Medina,mar-06,may-07
480,AB0B-2280B9319BF9,Viñedo Los Amores,Viticultor,abr-96,ago-25
482,B9A2-F36AAE0846EF,TBC DE MEXICO,JEFA DE MANTENIMIENTO,ene-09,ene-14
483,B9A2-F36AAE0846EF,REMY COMPONENTES,INGENIERO DEL PRODUCTO,ene-08,ago-09
484,B9A2-F36AAE0846EF,BIZERBA SLICERS MEXICO,INGENIERO DE CALIDAD,ago-08,ene-09
485,8664-36DEEE8916EA,Bauwesen Construcciones S.A. de C.V. ,Residente de obra ,jul-17,mar-20
488,8664-36DEEE8916EA,Profesional independiente ,Coordinador de proyectos ,mar-20,oct-22
495,B7CA-3CB7A3551DA1,Stellantis,Design and Release Engineer Heated Seat,nov-21,abr-23
496,ADBE-D146C9FA7317,Proyecto e Ingenieria S.C. ,Jefe de Proyecto en SLP,dic-05,dic-09
497,ADBE-D146C9FA7317,WSP Parsons Brinckerhoff,Jefe de Proyecto CDMX,mar-12,jul-14
499,ADBE-D146C9FA7317,MDZ Ingeniería Estructural (E?),Director General,jul-14,jul-00
500,866A-7B163D71D67D,JC laboratorios de ingeniería de materiales,Jefe de laboratorio ,jun-15,jun-22
501,866A-7B163D71D67D,JC laboratorios de ingeniería de materiales,Gerente técnico ,jun-22,may-23
502,866A-7B163D71D67D,Proicsa ,Auxiliar de residente ,ago-14,may-15
503,9498-2DFD2CB96787,DESARROLLOS LOCK DE SAN LUIS S.A. DE C.V.,ENCARGADO DE OBRAS,jun-13,may-23
504,9498-2DFD2CB96787,DESARROLLADORA ANAGO S.A. DE C.V.,ASESOR DE OBRAS,feb-02,may-23
505,9498-2DFD2CB96787,COINCO EZDE S.A. DE C.V.,REPRESENTANTE TECNICO,may-19,may-23
506,886F-6E7FBCF85CA6,Constructora Jorval,Gerente de Construcción,may-85,jun-03
507,886F-6E7FBCF85CA6,Edificadora y Urbanizadora Memo,Subcontratista,jun-03,dic-13
508,886F-6E7FBCF85CA6,Edificare Materiales y Servicios,Subcontratista,ene-14,jul-22
509,886F-6E7FBCF85CA6,Comebi del Centro,Director de Proyecto,ago-22,may-23
510,B1EC-9B6035353C01,Agregados y Construcciones RAMAVIC S.A. de C.V. Tepic  Nay,Ingeniero Residente,ene-91,dic-92
511,B1EC-9B6035353C01,Grupo Valoran  S.A. de C.V.,Gerente de Administración de Proyectos,ene-93,dic-10
512,B1EC-9B6035353C01,Junta Estatal de Caminos de San Luis Potosí ,Director de Construcción y Conservación,ene-11,dic-12
513,B1EC-9B6035353C01,Desarrollo del Pedregal de San Luis  S.A. de C.V.,Director de Proyectos y Construcción,dic-12,oct-15
516,B1EC-9B6035353C01,Desarrollo del Pedregal de San Luis  S.A. de C.V.,Director Responsable de Obra,oct-15,oct-23
517,B1EC-9B6035353C01,Servicios Técnicos & Construcción (persona física),Director General,sep-17,may-23
518,903F-D4667B5278BC,COMISION NACIONAL DEL AGUA,ESPECIALISTA EN HIDRAULICA,feb-94,dic-10
519,903F-D4667B5278BC,COMISION NACIONAL DEL AGUA,JEFE DE PROYECTO,ene-11,may-23
520,B1EC-9B6035353C01,I.C.I.C. Delegación S.L.P.,Instructor Diplomado en Planeacion Estrategica,abr-13,abr-15
521,B1EC-9B6035353C01,Gobierno del Estado de San Luis Potosí / Comisión del Registro Estatal de Peritos,Perito Dictaminador en Estudios de Impacto Vial Clave GES-PD-0769,ene-20,dic-23
522,B1EC-9B6035353C01,Gobierno del Estado de San Luis Potosí / Comisión del Registro Estatal de Peritos,Perito Dictaminador en Estudios de Impacto Urbano Clave GES-PD-0768,ene-20,dic-23
523,B1EC-9B6035353C01,Gobierno del Estado de San Luis Potosí / Comisión del Registro Estatal de Peritos,Perito Dictaminador en Estudios de Impacto Ambiental Clave: GES-PD-0770,ene-20,dic-23
524,B1EC-9B6035353C01,H. Ayuntamiento de San Luis Potosí,Director Responsable de Obra. Numero 1006,may-09,oct-23
525,BC0B-61AA180538EC,DOLMART Construcciones S.A. de C.V.,Encargado de Topografía,jun-05,may-25
526,AF61-CCDA86355C16,LATINOAMERICANA DE INGENIERIA CIVIL S.A DE C.V.,PROYECTISTA DE TERRACERIAS,jul-06,oct-12
527,AF61-CCDA86355C16,Mexicana de Técnicos en Autopistas,Proyectos Bitacora de Obra y Supervicion,abr-13,nov-19
528,AF61-CCDA86355C16,ESTUDIOS Y PROYECTOS DE INGENIERIA CIVIL  TOPOGRAFIA Y CALIDAD,PROFESIONAL INDEPENDIENTE,dic-16,may-25
529,8238-41F6118292F0,DESARROLLADORA Y CONSTRUCTORA STEVENS  S.A. DE C.V.,DIRECTOR DE COSTOS,abr-94,may-23
530,8E8D-81F07B66A913,Estudios  proyectos y construcción San Sebastián ,Gerente de proyectos,jun-15,may-23
531,A2A2-C440A6460EE3,CONSULTORIA CRC,DIBUJANTE CADISTA,feb-16,dic-17
532,A2A2-C440A6460EE3,DESARROLLO DEL PEDREGAL,PROYECTISTA,ene-18,jun-18
533,A2A2-C440A6460EE3,EVANHE CONSTRUCTORES,JEFE DE LABORATORIO,jun-18,ago-18
534,A2A2-C440A6460EE3,GRUPO ACERERO,SUPERVISOR DE OBRA CIVIL Y ESTRUCTURA,sep-18,may-20
535,A2A2-C440A6460EE3,ESTRUCTURAS SANTILLAN ,SUPERVISOR DE OBRA,jun-20,feb-21
536,A2A2-C440A6460EE3,GRUPO ACERERO,SUPERVISOR DE OBRA CIVIL Y ESTRUCTURA,feb-21,may-23
544,9C31-6A6FAD2173DB,Grupo Constructor Cumbres  S.A. de C.V.,Área de Investigación y de Instalaciones ,nov-20,may-23
545,9C31-6A6FAD2173DB,Particular ,Realización de planos hidrosanitarios gas y eléctricos en vivienda horizontal y vertical,ene-22,may-23
546,93EF-E0F98BC5D309,Estudios y Proyectos Topográficos,Propietario,ene-94,ago-25
547,9BBE-4FCA29CC4800,LATINOAMERICANA DE INGENIERIA CIVIL SA DE CV,DIRECTOR GENERAL,ene-01,may-23
548,9BBE-4FCA29CC4800,CONSTRUCTORA QUID SA DE CV,COORDINADOR DE PROYECTOS VIALES,jun-90,nov-00
549,9BBE-4FCA29CC4800,CENTRO SCT SAN LUIS POTOSI,AUXILIAR DE RESIDENTE DE CONSERVACION DE CARRETERAS,may-84,jun-88
550,9BBE-4FCA29CC4800,SECRETARIA DE DESARROLLO URBANO Y ECOLOGIA DEL EDO SLP,ASESOR TECNICO DEL SECRETARIO,jul-88,abr-90
551,9BBE-4FCA29CC4800,CONSTRUCTORA CENTRAL DE OBRAS INDUSTRIALES,AUXILIAR DE RESIDENTE DE OBRA,jun-80,dic-83
552,9BBE-4FCA29CC4800,INGENIERIA Y SUPERVISION VIAL SA DE CV,ASESOR TECNICO,mar-08,may-23
553,A5BC-9B4DC15117D9,EXVELLENCE INSTALACIONES Y EDIFICACIONES,RESIDENTE DE OBRA UNIVERSIDAD POLITECNICA DE SAN LUIS POTOSI,jul-07,ene-09
554,A5BC-9B4DC15117D9,TRICOSA,JEFE DE OBRA EN INSTALACIONES CENTRO DE LAS ARTES QUERETARO,ene-09,abr-12
555,8902-BED4EAF99578,M M CONSTRUCCIONES DEL CENTRO S.A. DE C.V.,PROPIETARIO ,nov-96,dic-21
556,A444-1B0C99CA2A45,INICIATIVA PRIVADA,ANALISTA DISEÑADOR Y PROGRAMADOR DE SISTEMAS DE INFORMACION,ene-00,jul-08
557,A444-1B0C99CA2A45,IMEC,INGENIERO DE ANALISIS EN SISTEMAS INFORMTICOS CAD-CAE ,mar-90,jul-93
558,A444-1B0C99CA2A45,GOBIERNO DEL ESTADO DE SAN LUIS POTOSI,ANALISTA PROGRAMADOR DE SISTEMAS DE INFORMACION,may-99,jun-23
559,A444-1B0C99CA2A45,EMPRESAS CONSTRUCTORAS,RESIDENTE DE OBRAS Y SUPERVISOR DE OBRA CIVIL ,ene-82,oct-86
560,A444-1B0C99CA2A45,ITESM  CAMPUS SAN LUIS,CATEDRATICO EN CURSOS DE CARRERAS DE INFORMATICA,jul-93,dic-96
561,A444-1B0C99CA2A45,SCT SAN LUIS POTOSI,ENCARGADO DE INFORMATICA EN LA ESCUELA DE LA POLICIA FEDERAL DE CAMINOS EN SAN LUIS POTOSI,ene-97,mar-98
562,A444-1B0C99CA2A45,AREA DE PLANEACION SEGE  SLP,ANALIST PROGRAMADOR DE BASES DE DATOS,ene-98,feb-99
563,B4DC-F55F4554D276,GOBIERNO DEL ESTADO,DIRECTOR GENERAL JUNTA ESTATAL DE CAMINOS DE SLP,dic-09,oct-16
564,B4DC-F55F4554D276,GOBIERNO MUNICIPAL,DIRECTOR GENERAL ORGANISPO OPERADOR DE AGUA POTABLE INTERAPAS,oct-16,feb-17
565,B4DC-F55F4554D276,GRUPO MAQUIRSA,DIRECTOR DE CONSTRUCCION MAQUINARIA EN VENTA SA DE CV,ene-88,jun-23
566,B4DC-F55F4554D276,GOBIERNO MUNICIPAL,DIRECTOR GENERAL ORGANISPO OPERADOR DE AGUA POTABLE INTERAPAS,oct-19,oct-21
570,B4B1-66334AA21106,UNIVERSIDAD AUTONOMA DE SAN LUIS POTOSI, AUXILIAR TECNICO,nov-08,jul-10
571,B4B1-66334AA21106,Comision Nacional del Agua ,SUPERVISOR DE OBRA,jul-10,may-13
572,B4B1-66334AA21106,Dronespace3D,Gerente Tecnico,jun-15,jul-23
573,B4B1-66334AA21106,GEOLMEX,Gerente de Proyecto,sep-22,may-23
576,9247-CCA3D43577CC,IMPLAN SL,SUBDIRECTOR ,oct-22,jun-26
577,9247-CCA3D43577CC,URBALAB SA DE CV,DIRECTOR,ene-03,jun-23
578,9247-CCA3D43577CC,SEDESOL DELEGACION SLP,SUBDELEGADO DESARROLLO URBANO,mar-04,mar-13
579,8A31-5FB0B55D926B,RIGOSA,Auxiliar y dibujante hidráulico,feb-15,jun-23
580,8A31-5FB0B55D926B,Constructora Nacional de Michoacán S.A. DE C.V.,Auxiliar Tecnico,jun-19,oct-22
581,8B10-8A27C9814B22,Industria Privada,Asesor en la elaboración y construcción de proyectos de Ingeniería Civil ,ene-03,jun-25
582,97C3-0B168F68474E,PERSONA FISICA ,PROYECTO CARRETERRO PARA LA SCT,feb-17,jun-23
583,A950-6397C7421815,Persona Física con actividad empresarial,Administrador único (CONSTRUCCION DE DIVERSAS OBRAS) ,jun-01,jun-22
584,AEC8-FC6CB6171D96,Construcciones Rojilo S. de R.L. de C.V.,PROYECTOS (DISEÑO DE PROYECTOS GEOMETRICOS DE VIAS),jul-00,dic-00
585,AEC8-FC6CB6171D96,Constructora P.E.H.E.M. S.A. de C.V.,Residente de Obra,sep-03,abr-04
586,BE82-6360267D5D74,Particular,Diseño estructural ,jul-15,jul-23
587,896C-7E7E8D8BDA9F,Independiente,Servicios básicos de la construcción (varios),oct-17,abr-19
588,A3B6-58987324E43E,COMISION ESTATAL DEL AGUA,APOYO ESPECIALIZADO,ene-12,jun-23
589,A3B6-58987324E43E,H. AYUNTAMIENTO CONSTITUCIONAL DE APAZAPAN  VERACRUZ,DIRECTOR DE OBRAS,ago-10,dic-11
590,85D5-86C62DDBC227,Desarrolladora y Constructora Stevens S.A de C.V.,Socio,sep-95,jun-23
593,960B-8B7FFCDC5513,Grupo EM constructores,Gerente General,ene-02,ene-00
594,960B-8B7FFCDC5513,Inmobiliaria EM,Gerente General,ene-18,ene-00
595,9D18-BDCA3FFF7140,Hermann Rocha Escalante (Particular),Consultor privado en Hidrología e Hidráulica,dic-08,jul-23
596,9BF4-0F6C75F3BBAD,RockWand S.A. de C.V.,Asesor Técnico en Estructuras y Materiales,sep-22,jun-23
597,9BF4-0F6C75F3BBAD,Laboratorio de Materiales de Construcción UASLP,Coordinador de Servicios Externos ,ago-15,jun-23
603,B9E7-EBD41A38F7EF,Pixel y Byte,Jefe de Tecnologias,feb-15,ago-23
604,A36D-BC587212D847,Proyecta tu Futuro,Programador fullstack,jul-21,abr-23
610,B7CA-3CB7A3551DA1,ABB,Project Engineer,jun-23,dic-25
611,8512-F30DAFE3D5BC,El Colegio de San Luis A.C.,Posdoctorante de investigación,sep-21,ago-24
612,8512-F30DAFE3D5BC,Secretaría de Ecología y Gestión Ambiental,Directora de Ordenamiento Ecológico y Áreas Naturales Protegidas,feb-20,sep-21
613,8512-F30DAFE3D5BC,Consejo Oaxaqueño de Ciencia y Tecnología,Directora de Vinculación,jul-12,jul-14
614,8512-F30DAFE3D5BC,CIIDIR U. Instituto Politécnico Nacional,Jefa del Departamento de Servicios Educativos,jul-09,jun-12
615,8512-F30DAFE3D5BC,VIDAS A.C.,Técnico especialista,ago-06,jun-16
622,8054-94BD7091D401,Universidad Autónoma de San Luis Potosí,Administración del Edificio Central,ene-24,dic-24
623,91D7-34FF3F297B62,Empresa: Cascadas de Tamasopo SCP DB y SRL de CV. Km. 2 Carretera Tamasopo ? Agua Buena. 79700 Tamasopo  S.L.P.,Realización de: ?Estudio de Capacidad de Carga Turística del Parque Cascadas de Tamasopo?.,ene-20,ago-20
624,91D7-34FF3F297B62,UASLP-COPOCYT- Gobierno del Estado de SLP,Participación en Proyecto UASLP-COPOCYT SLP-2018-03-01-70689: Estudio sobre las capacidades científico-tecnológicas y de innovación de las regiones Altiplano Centro Media y Huasteca del Estado de San Luis Potosí. Miembro del Comité Técnico Consultivo Regió,ene-19,dic-21
625,91D7-34FF3F297B62,Shelby Manufacturing de México  S.A. de C.V. (MCR Safety; ,Realización de: Estudio de Riesgo Ambiental Nivel 1. ?Instalación para aprovechamiento de Gas L.P con tanque estacionario con capacidad de 480L y tuberías de suministro a hornos de curado de PVC?.,jun-21,ago-21
626,91D7-34FF3F297B62,Presenta Shelby Manufacturing de México  S.A. de C.V. ,Elaboración de Programa para la Prevención de Accidentes: ?Instalación para aprovechamiento de Gas L.P con tanque estacionario con capacidad de 480 L y tuberías de suministro a hornos de curado de PVC?,ene-22,abr-22
627,91D7-34FF3F297B62,Empresa ERCOMTEC. ,Elaboración de Solicitud de opinión en materia de Impacto Ambiental para la: ?Operación de un centro de acopio de residuos electrónicos y separación de materiales para su valorización en Salinas S.L.P.,jun-22,ago-22
628,91D7-34FF3F297B62,Empresa: Cascadas de Tamasopo SCP DB y SRL de CV. ,Elaboración de ?Plan de Manejo de residuos del Parque Cascadas de Tamasopo?,jun-22,abr-23
629,91D7-34FF3F297B62,Presenta Shelby Manufacturing de México  S.A. de C.V. ,Elaboración de Estudio técnico: ?Solicitud de Permiso de Operación de Fuentes Fijas de Jurisdicción Local?. ,ene-23,may-23
630,91D7-34FF3F297B62,Empresa: Faurecia Sistemas Automotrices de México  S.A. de C.V. ,Elaboración de: Estudio de Riesgo Ambiental Nivel 1 de la empresa Faurecia Sistemas Automotrices de México S.A. de C.V.,ene-23,ago-23
631,91D7-34FF3F297B62,Empresa METALOR TECHNOLOGIES OPERATIONS MEXICO  S.A. de C.V. ,Elaboración de Informe Preventivo del proyecto denominado: ?Operación de planta de componentes metálicos para la industria eléctrica?. ,ene-23,ago-23
632,91D7-34FF3F297B62,Empresa: Cascadas de Tamasopo Forther SCP DB y SRL de CV. ,Elaboración de la Actualización del Estudio de Capacidad de Carga Turística del Parque Cascadas de Tamasopo?.,ene-23,ago-23
633,8676-9B08C03A43C0,Newgold-Minera San Xavier,Consultoría,jul-20,dic-24
634,8676-9B08C03A43C0,Minera Autlán,Consultoría,oct-22,feb-24
635,B49B-07712BD110BC,Servicio Geológico Mexicano,Técnico Especializado,ago-11,ago-14
637,9CFE-09DE3823CB82,Instituo Costarricense de Electricidad,Exploración geofísica en campos geotérmicos/ encargado de departamento de geofísica,ene-11,may-15
639,9CFE-09DE3823CB82,Servicios Profesionales ,Consultor independiente ,ene-22,jun-24
640,956D-8D4DC44373F0,Industrial Minera México  S.A. de C.V.,Ingeniero de procesos,oct-85,abr-86
641,956D-8D4DC44373F0,Industrial Minera México  S.A. de C.V.,Jefe de Ecología,may-86,jun-92
642,956D-8D4DC44373F0,Industrial Minera México  S.A. de C.V.,Gerente de Asuntos Ambientales,jul-92,may-11
643,956D-8D4DC44373F0,Industrial Minera México  S.A. de C.V. ,Subdirector de Asuntos Ambientales ,jun-11,mar-22
644,8FF3-7B921816CB63,Comisión Internacional de Limites de Aguas (CILA)  Comisión Nacional del Agua (Conagua); USIBWC  USEPA  USGS and TNRCC. ,Estudio Binacional sobre Sustancias Tóxicas en el Rio Bravo/Rio Grande y sus afluentes en su porción Fronteriza Entre México y Estados Unidos. Celebrado entre México y Estados Unidos. Noviembre de 1992. ,nov-92,feb-93
645,8FF3-7B921816CB63,Rer Interamericana de Laboratorios de Analisis de Alimentos. Organización de las Naciones Unidas para la Agricultura y la Alimentación? FAO. ,"Seminario Internacional a distancia ?en línea? en plataforma de RILAA. ""Espectrofotometría de Absorción Atómica""",sep-09,sep-09
646,8FF3-7B921816CB63,Red Internacional de Criminalística y Ciencias Forenses,Seminario Internacional ?Metrología en Laboratorios Forenses? ,nov-05,dic-05
647,81A5-C774A668F19C,Mondo Biocosmetics,Emprendedor,feb-19,jun-24
648,9858-FFCF2CDEEEE8,Diplomado en Hierros Grises ,Asesor Académico ,ene-22,ago-22
653,B742-77A61FAC34E2,ACERLÁN,SUPERVISOR DE PRODUCCIÓN,ene-92,oct-92
654,B742-77A61FAC34E2,MANUFACTURAS KALTEX,JEFE DE ÁREA,nov-92,oct-96
655,B742-77A61FAC34E2,MANUFACTURAS KALTEX,JEFE DE ÁREA ,jun-99,ene-02
656,B742-77A61FAC34E2,MANUFACTURAS KALTEX,LÍDER DE PROYECTOS (NUEVOS DESARROLLOS),feb-05,may-07
657,A946-D33996556BD2,Productos de limpieza Martínez,Pequeña empresa de productos de limpieza,sep-20,jun-24
659,8B62-87B4C529460A,CALVEK,Ponente y Coordinador de Curso de Capacitación,jul-22,jul-22
660,961E-D1D3CBCC7E87,GEOSS-propia,Consultora de estudios geofísicos especializados,mar-23,ago-24
661,9CD4-C3F1E58742DD,TIOQUIM,Representante técnico,ene-99,dic-00
662,8F89-F58A927A68DD,IMAGO Aerospace,Asesor,may-22,ago-22
663,8F89-F58A927A68DD,IMAGO Aerospace,Asesor,nov-23,feb-24
664,8F89-F58A927A68DD,IMAGO Aerospace,Asesor,ene-23,dic-23
665,A4FA-569040CEC1B1,Instituto de metalurgia UASLP,Tecnico de laboratorio,ago-23,ene-24
666,B311-E68931130BE5,Serviciod Industriales Peñoles,Investigador,oct-88,oct-95
667,B311-E68931130BE5,Servicios de Investigación y Estudios Técnicos Especializados,Jefe del Departamento de Microscopía Electrónica,nov-95,feb-98
668,B311-E68931130BE5,UASLP,Asesoría externa en Microscopía Electrónica aplicada a la Mineralogía Químicos y Refractarios.,nov-97,dic-26
669,A1E6-32C8D1074952,PRODECO PREFABRICADOS,GERENTE GENERAL,mar-07,jul-24
670,A1E6-32C8D1074952,FUMEC CONACYT,ASESOR SENIOR,abr-16,oct-19
671,82B9-39B6BEF40813, Minera La Fe del Norte S.A. de C.V.  Grupo ORVA, Metalurgista Encargado de Planta de Beneficio y Laboratorio Químico,may-05,jul-05
672,82B9-39B6BEF40813,Minera El Pilón S.A de C.V.,Metalurgista Investigador,ago-05,ene-06
673,8E44-4CD5A2183D30,Universidad de Colima,Tecnico académico,abr-91,nov-00
674,8B2B-86A0682C7ECD,Promoción y desarrollo ecológicos  S.A de C. V.,Responsable del convenio: Estudio hidrogeológico del acuífero administrativo Matehuala-Huizache en el Estado de San Luis Potosí.,feb-15,may-15
675,8B2B-86A0682C7ECD,Cía. Miera San Xavier,Participante en el proyecto ?Análisis de estabilidad del túnel mina La Victoria Cerro de San Pedro San Luis Potosí,ene-22,abr-22
676,B8BD-9DA880123937,Comisión Federal de Electricidad.,Geólogo de subsuelo en el Departamento de Geotermia.,jun-81,sep-85
677,B8BD-9DA880123937,Dirección de Estudios del Territorio Nacional DETENAL (ahora INEGI).,Fotointérprete e Hidrogeología en el Departamento de Aguas Subterráneas.,oct-78,may-81
678,8DA2-BF0ED1B77A29,UASLP  Sistema de Bibliotecas,Jefe del Departamento de Sistemas de Información,feb-97,dic-20
681,8DA2-BF0ED1B77A29,UASLP  Facultad de Ingeniería,Jefe del Departamento de Proyectos Especiales,ene-21,dic-28
682,95AA-32769D263AFC,Gova constructores S.A de C.V.,supervisor de obra,ene-14,ene-18
683,95AA-32769D263AFC,Catsude del centro S.A de C.V,Residente de Obra,feb-12,feb-13
684,95AA-32769D263AFC,Estrategias para el desarrollo humano S.A de C.V.,Supervisor de relaciones públicas,feb-10,feb-11
685,95AA-32769D263AFC,Coins desarrollo constructor S.A. de C.V.,Administrador y supervisor de Obra,ene-08,ene-11
686,95A7-77393E09179F,Leyva Consultores S.A. ,Asistente de Consultor,jun-92,feb-93
687,95A7-77393E09179F,Gemtron de México S.A. de C.V. ,Ingeniero de Calidad,feb-92,nov-94
688,95A7-77393E09179F,Cummins S.A. de C.V. de R.L.,Ingeniero de Soporte a Campo,abr-95,dic-95
689,95A7-77393E09179F,Minerales Industriales Potosinos S.A. de C.V.,Encargada de Operaciones,ene-96,feb-99
690,95A7-77393E09179F,Universidad Tecnológica de San Luis Potosí,Jefe del Departamento de Planeación y Evaluación,abr-99,feb-02
691,95A7-77393E09179F,AD Consultores,Consultor,may-02,jun-04
692,95A7-77393E09179F,Centro Universitario de Apoyo Tecnológico Empresarial de la UASLP,Consultor y Promotor,nov-04,jun-19
695,B0BC-B5007BAAE968,Consejo de Acreditación de la Enseñanza de la Ingeniería. A. C. (CACEI).,Evaluador. Proceso de acreditación del programa de Ingeniería en Sistemas Computacionales con Número de Control 220-30-32R.,ago-23,nov-23
696,B0BC-B5007BAAE968,Consejo de Acreditación de la Enseñanza de la Ingeniería. A. C. (CACEI).,Observador. Proceso de acreditación del programa de Ingeniería en Sistemas Computacionales con Número de Control 220-30-15R.,feb-23,abr-23
697,B0BC-B5007BAAE968,Facultad de Ingeniería  UASLP.,Organizador del ?Tercer Concurso de Ciencias Básicas de la Asociación Nacional de Facultades y Escuelas de Ingeniería A.C.?.,ene-16,may-16
698,B0BC-B5007BAAE968,Secretaría de Educación Pública Subsecretaria de Educación Superior Dirección del Sistema de Evaluación y Acreditación de la Educación Superior.,Participante como par evaluador en el equipo de retroalimentación de un reporte formulado en el marco de los procesos de Evaluación de los Sistemas Estatales de Educación Superior como parte del ciclo de mejora continua integral del SEAES,abr-24,jul-24
699,B0BC-B5007BAAE968,Secretaría de Educación Pública Subsecretaria de Educación Superior Dirección del Sistema de Evaluación y Acreditación de la Educación Superior. Mayo 2024,Participante como par evaluador en el equipo de trabajo del Laboratorio de Coevaluación en el marco de la Convocatoria 2023 para documentar los procesos de evaluación y los avances en la mejora continua en las instituciones de educación superior.,mar-24,jun-24
700,B0BC-B5007BAAE968,Secretaría de Educación Pública Subsecretaria de Educación Superior Dirección del Sistema de Evaluación y Acreditación de la Educación Superior.,Participante como par evaluador en la retroalimentación de reportes de autoevaluación de la primera Convocatoria para documentar los procesos de evaluación y los avances en la mejora continua en las instituciones de educación superior.,ene-24,jun-24
701,B0BC-B5007BAAE968,Área Mecánica y Eléctrica Facultad de Ingeniería  UASLP.,Asesor de proyecto ?Seguro para Refrigerador? de la asignatura ?Proyecto Integrador de la carrera IMA?.,ago-24,dic-24
702,B0BC-B5007BAAE968,Área Mecánica y Eléctrica Facultad de Ingeniería  UASLP.,Asesor de proyecto ?Simulador de Tiempos de Operación? de la asignatura ?Proyecto Integrador de la carrera IMA?.,ago-24,dic-24
703,B0BC-B5007BAAE968,Área Mecánica y Eléctrica Facultad de Ingeniería  UASLP.,Asesor de ?Proyecto Integrador en la modalidad de Proyectos Didácticos Semestre 2022-2023/I?.,ago-23,dic-23
704,B0BC-B5007BAAE968,Área Mecánica y Eléctrica Facultad de Ingeniería  UASLP.,Asesor de proyecto ?Invernadero para cosechas? de la asignatura ?Proyecto Integrador de la carrera IMA?.,ago-23,dic-23
705,B0BC-B5007BAAE968,Área Civil Facultad de Ingeniería  UASLP.,Asesor de proyectos académicos del Área Civil en el semestre 2021-2022/II,ene-22,may-22
706,B0BC-B5007BAAE968,Área Mecánica y Eléctrica.  Facultad de Ingeniería  UASLP.,Asesor de ?Proyecto Integrador en la modalidad de Proyectos de Beneficio Social Semestre 2020-2021/II?.,ene-21,jun-21
707,B0BC-B5007BAAE968,Área Civil Facultad de Ingeniería  UASLP.,Asesor de proyecto académicos del Área Civil en el Semestre 2019-2020/I.,ago-19,dic-19
708,B0BC-B5007BAAE968,Área Civil Facultad de Ingeniería  UASLP.,Asesor de trabajo en el: ?Concurso de carteles de proyectos de Ingeniería en Geomática/Geoinformática?.,ago-19,dic-19
709,B0BC-B5007BAAE968,Facultad de Ingeniería  UASLP.,Integrante del comité organizador responsable de las visitas para el Proceso de Acreditación del Programa de Ingeniería en Geoinformática dentro del programa piloto del Marco de Referencia Internacional 2018 solicitadas por el Consejo de Acreditación de la,ago-17,oct-17
710,B0BC-B5007BAAE968,Facultad de Ingeniería  UASLP.,Integración de expedientes para el Proceso de Acreditación del Programa de Ingeniería en Geoinformática solicitados por el Consejo de Acreditaciones de la Enseñanza de la Ingeniería. A.C. (CACEI) dentro del programa piloto del Marco de Referencia Internaci,ago-17,oct-17
711,B0BC-B5007BAAE968,Facultad de Ingeniería  UASLP.,Integrante del comité organizador responsable de las visitas para el Proceso de Acreditación Internacional del Programa de Ingeniería Civil solicitadas por la Engineering Accreditation Commission of ABET.,ago-16,oct-16
712,B0BC-B5007BAAE968,Facultad de Ingeniería  UASLP.,Integración de expedientes para el Proceso de Acreditación Internacional del Programa de Ingeniería Civil solicitados por la Engineering Accreditation Commission of ABET.,ago-16,oct-16
713,B0BC-B5007BAAE968,Facultad de Ingeniería  UASLP,Integrante del comité organizador responsable de las visitas para el Proceso de Acreditación del Programa de Ingeniería en Topografía y Construcción solicitadas por el Consejo de Acreditación de la Enseñanza de la Ingeniería. A.C. (CACEI).,ago-15,nov-15
714,B0BC-B5007BAAE968,Facultad de Ingeniería  UASLP,Integración de expedientes para el Proceso de Acreditación del Programa de Ingeniería en Topografía y Construcción solicitados por el Consejo de Acreditaciones de la Enseñanza de la Ingeniería. A.C. (CACEI).,ago-15,nov-15
715,B0BC-B5007BAAE968,Facultad de Ingeniería  UASLP.,Integrante del comité organizador responsable de las visitas para el Proceso de Acreditación del Programa de Ingeniería Civil solicitadas por el Consejo de Acreditación de la Enseñanza de la Ingeniería. A.C. (CACEI).,ago-15,nov-15
716,B0BC-B5007BAAE968,Facultad de Ingeniería  UASLP.,Integración de expedientes para el Proceso de Acreditación del Programa de Ingeniería Civil solicitados por el Consejo de Acreditaciones de la Enseñanza de la Ingeniería. A.C. (CACEI). ,ago-15,nov-15
717,B0BC-B5007BAAE968,Área Civil Faculta de Ingería  UASLP.,Auxiliar del proceso de Certificación de los Laboratorios de la carrera de Ingeniería Civil avalados por el Sistema Integral de Gestión de Calidad de la Universidad Autónoma de San Luis Potosí,ene-15,dic-15
718,9299-7F3454A5C4BF,CEMEX MEXICO PLANTA TAMUIN,ESPECIALISTA ELECTRICO-INSTRUMENTISTA,dic-91,may-00
719,9299-7F3454A5C4BF,CEMEX MEXICO PLANTA TAMUIN,INGENIERO DE PROYECTOS,ene-95,mar-96
720,9E0E-ED1070B91549,AYUNTAMIENTO DEL MUNICIPIO DE VENADO ,AUXILIAR DE ADMINISTRACIÓN Y SUPERVISIÓN DE OBRA PÚBLICA,ago-18,oct-18
721,9E0E-ED1070B91549,CONSCAD INDUSTRIAL,RESIDENTE DE OBRA,nov-18,ene-19
722,9E0E-ED1070B91549,PROPIA,CONSULTORÍA PARA PROCESOS CONSTRUCTIVOS,ene-19,may-25
723,9E0E-ED1070B91549,AYUNTAMIENTO DE SAN LUIS POTOSI,INSPECTOR DE OBRA,feb-22,may-22
724,9E0E-ED1070B91549,AYUNTAMIENTO DE SAN LUIS POTOSI,ENCARGADO DE SUPERVISIÓN DE ORDENAMIENTO URBANO,may-22,may-25
725,ABEC-0B60A0FEF856,Latinoamericana de ingeniería civil S.A. de C.V.,Proyectista,feb-12,ene-14
726,ABEC-0B60A0FEF856,Gobierno del Estado de Oaxaca  Caminos y Aeropistas (CAO),Jefe de unidad de control de calidad ,feb-11,jul-11
727,ABEC-0B60A0FEF856,Gobierno del Estado de Oaxaca  Caminos y Aeropistas (CAO),Jefe del departamento de estudios y proyectos ,feb-10,feb-11
728,83F0-53BDB2C5E88A,Escuela Preparatoria Particular El Sauce,Docente,ene-17,jun-25
729,83F0-53BDB2C5E88A,NO DEFINIDO,Asistente de Proyectos Cartográficos y Análisis Geoespaciales,ene-15,jun-25
730,83F0-53BDB2C5E88A,NO DEFINIDO,Profesor particular,jul-17,jun-25
741,B0BC-B5007BAAE968,Registro de Pares para la Evaluación Diagnóstica y Formativa (REPEV) del Sistema de la Evaluación y Acreditación de la Educación Superior (SEAES) ,Evaluador,feb-24,NULL
742,B0BC-B5007BAAE968,Consejo de Acreditación de la Enseñanza de la Ingeniería. A. C. (CACEI),Evaluador,may-18,NULL
743,B0BC-B5007BAAE968,Área Mecánica y Eléctrica  Área Civil  Facultad de Ingenieía  UASLP,Evaluador y Asesor de Proyectos.,may-17,NULL
744,B0BC-B5007BAAE968,Dirección Institucional de Gestión de Calidad  UASLP.,Auditor Interno,jun-15,NULL
745,B0BC-B5007BAAE968,Facultad de Ingeniería  UASLP,Instructor del Laboratorio. ,ene-15,NULL
746,B0BC-B5007BAAE968,Facultad de Ingeniería  UASLP,Responsable de Laboratorio.,ene-15,ago-21
747,9B22-E5A14DE43EC2,INSTITUTO DE GEOLOGÍA DE LA UASLP,JEFE DE BRIGADA,ene-11,dic-14
748,9B22-E5A14DE43EC2,H. AYUNTAMIENTO DE CÁRDENAS S.L.P.,SUPERVISOR DE OBRA,ene-15,dic-15
749,9B22-E5A14DE43EC2,H. AYUNTAMIENTO DE CÁRDENAS S.L.P.,SUPERVISOR DE OBRA,jun-16,ago-16
750,9B22-E5A14DE43EC2,H. AYUNTAMIENTO DE CÁRDENAS S.L.P.,SUPERVISOR DE OBRA,jun-18,ago-18
753,9B22-E5A14DE43EC2,H. AYUNTAMIENTO DE CÁRDENAS S.L.P.,SUPERVISOR DE OBRA,jun-25,ago-27
754,B40A-259F9C61D2E1,Colegio de ingenieros civiles Siglo XXI,área de vinculación UASLP-Colegio de ingenieros civiles Siglo XXI,ene-16,dic-25
755,B40A-259F9C61D2E1,AMIVTAC,Tesorera AMIVTAC,jun-23,jun-25
758,B40A-259F9C61D2E1,Consejo IMM,Consejera en el Instituto Municipal de la Mujer,feb-25,feb-26
759,B40A-259F9C61D2E1,ACI Instituto Americano del Concreto,Asesor de Capitulo Estudiantil ACI,ago-14,dic-25
761,8305-B2482C290FD9,EMPRENDIMIENTO,Desarrollos de Software,jul-13,jun-25
762,8305-B2482C290FD9,UNIDAD BÁSICA DE REHABILITACIÓN DE DIF SOLEDAD (UBR),Instructora de Inglés,oct-15,dic-15
763,8305-B2482C290FD9,DIVISIÓN DE INFORMÁTICA  UASLP,Programadora de Software,nov-15,feb-23
764,8305-B2482C290FD9,DIVISIÓN DE INFORMÁTICA  UASLP,Instructora de Cursos de CapacitaciónTI,ago-20,jun-25
765,8305-B2482C290FD9,DIVISIÓN DE INFORMÁTICA  UASLP,Coordinadora de Desarrollo de Software,mar-23,jun-25
768,BC59-07B3968B921B,gamespiration,Director,nov-19,jun-25
771,BC59-07B3968B921B,DRTVUASLP,Productor Radio Universidad: Cuadrante Gamer,ene-20,jun-25
772,9ADE-85EA172CC47D,Universidad Autónoma de San Luis Potosí,Participación en el proyecto ?Actualización Geohidrológica en los Acuíferos Cedral ? Matehuala y Cerritos ? Villa Juárez San Luis Potosí? así como los estudios de ?Reactivación piezométrica y de calidad del agua de los Acuíferos Santo Domingo y Salinas Hid,oct-07,feb-08
782,A7E7-D92B4766AE06,Cummins,Especialista de Materiales,jul-15,jul-16
783,A7E7-D92B4766AE06,Cummins,Ingeniero Senior de Manufactura,jul-16,nov-18
784,A7E7-D92B4766AE06,Cummins,Ingeniero Senior de Calidad,nov-18,ago-19
785,A7E7-D92B4766AE06,John Deere,Ingeniero Senior de Proyectos,jul-19,dic-19
786,A7E7-D92B4766AE06,Eutcalibraciones,Ingeniero Senior de Proyectos-Calidad,feb-20,jun-25
788,824A-75CCCBC98C35,INEGI,Enlace de Análisis Catastral Registral Territorial y de Medio Ambiente,jun-22,sep-24
789,824A-75CCCBC98C35,INEGI,Sublíder de Proyecto,ago-20,dic-20
790,824A-75CCCBC98C35,INEGI,Enlace Geográfico ?A?,feb-17,ago-18
791,824A-75CCCBC98C35,Variclim - UASLP,Enlace de Campo en Proyectos con Imágenes de Satélite,ago-15,jun-16
795,824A-75CCCBC98C35,EarthDefine,GIS Associate,oct-24,dic-30
796,8D45-AE2193E5B62A,COPOCYT,Investigador,sep-23,sep-25
797,AB0B-2280B9319BF9,Viñedos Los Amores, Supervisor de producción de lavanda,mar-24,abr-25
798,B0BC-B5007BAAE968,Área de Ciencias de la Computación. Faculta de Ingeniería  UASLP.,Integrante del comité organizador del Concurso de Robótica Semestre 2024-2025/II,ene-25,may-25
799,B0BC-B5007BAAE968,Consejo de Acreditación de la Enseñanza de la Ingeniería. A. C. (CACEI).,Evaluador. Proceso de acreditación del programa de Ingeniería en Sistemas Computacionales con Número de Control 230-30-21R.,ene-25,mar-25
800,B0BC-B5007BAAE968,Secretaría de Educación Pública Subsecretaria de Educación Superior Dirección del Sistema de Evaluación y Acreditación de la Educación Superior.,Participante como par evaluador en la retroalimentación de reportes de autoevaluación de la Convocatoria 2024 para documentar los procesos de evaluación y los avances en la mejora continua en las instituciones de educación superior.,dic-24,mar-25
801,B0BC-B5007BAAE968,Consejo de Acreditación de la Enseñanza de la Ingeniería. A. C. (CACEI).,Evaluador. Proceso de acreditación del programa de Ingeniería en Sistemas Computacionales con Número de Control 230-30-21R.,ago-24,oct-24
802,AB17-A16415A0D571,NR Tec Desarrollos Tecnológicos,Desarrollador,jun-21,jul-25
803,AB17-A16415A0D571,Pixel & Byte,Desarrollador jr.,jun-20,mar-21
804,AB17-A16415A0D571,Q Marketing internet,Desarrollador jr.,feb-20,ago-20
805,AB17-A16415A0D571,Agenda Ambiental UASLP,Desarrollador jr.,mar-20,jul-20
806,A16E-C366C2ABBA2E,PROYECTA TU FUTURO,Líder Técnico,ene-22,jun-25
807,A16E-C366C2ABBA2E,PROYECTA TU FUTURO,Full Stack Developer,jun-20,dic-21
808,8188-55BC7A29B663,KewaiiStore,Personalización y modificacion de articulos varios,ene-21,jun-25
809,8188-55BC7A29B663,Facultad de estomatología,Tectico academico por descarga academica,feb-23,jun-23
810,8188-55BC7A29B663,Deportes Leos Peña,Lider de sistemas,ene-19,jun-23
811,BC75-C74C8C5DFF07,Creationbox,Software Developer,jul-15,feb-16
812,BC75-C74C8C5DFF07,Instituto Potosino de Investigación Científica y Tecnológica A.C.,Ingeniero de Software,oct-17,jul-18
813,BC75-C74C8C5DFF07,Epicor Software,Software Engineer,nov-18,mar-19
814,BC75-C74C8C5DFF07,Softtek,Software Engineer,sep-19,ago-21
816,BC75-C74C8C5DFF07,Globant,Java Developer,ago-21,jun-25
817,BECB-C0B6A90CCD7C,CEPITE:  Centro Potosino de Integración de la Tercera Edad,"Asesor del Proyecto de Software ""Aplicación para gestión y asistencia de toma de medicamentos""",ene-24,ene-25
822,8A83-0E141216DFFB,Universidad Autónoma de San Luis Potosí  Facultad de Enfermería,Desarrollo del Sistema de Control de Acceso del Laboratorio de Computo,ago-96,jul-97
823,8D73-5E1A54E58AD7,Softtek,Automated Test Engineer,sep-19,feb-22
824,8D73-5E1A54E58AD7,Infosys México,Software Test Analyst,mar-22,sep-24
825,8D73-5E1A54E58AD7,Capgemini Aguascalientes,Test Automation Engineer,sep-24,mar-25
826,8D73-5E1A54E58AD7,Infosys México,Software Test Analyst,mar-25,jun-25
827,9DBF-674FF0D16688,Mini Super ,Dueño de Mini super,oct-90,sep-97
830,92D3-DE2FD95F7A75,Independiente ,ABOGADO POSTULANTE,jun-99,jun-25
845,92D3-DE2FD95F7A75,ORGANIZAICIÓN LIBRA ,PRESTACION DE SERVICIOS JURIDICOS AUTOMOVILISTICOS A LA ORGANIZACIÓN LIBRA.,may-99,jun-01
846,92D3-DE2FD95F7A75,UNION DE PERMISIONARIOS EN AUTOMOVILES DE ALQUILER-TAXIS.,PRESTACION DE SERVICIOS JURIDICOS,ago-99,oct-03
847,9715-ABECE3F59367,Talleres Industriales Metal Mecánicos SA de CV,Gerente Socio y Propietario,jun-86,feb-25
848,9ABC-E4D8010678FF,UASLP,Administración de la red Universitaria,sep-08,dic-25
849,AF96-2B7070C066E5,Colegio Agnes Gonxha,TI,ago-21,ago-25
850,812B-506DE567E697,Colegio Vallarta,Asesor de sistemas/Programador,oct-87,sep-99
851,812B-506DE567E697,Colegio Miguel de Cervantes Saavedra,Asesor de sistemas/Programador,abr-88,ago-99
852,812B-506DE567E697,Instituto Sor Juana Inés de la Cruz,Asesor de sistemas/Programador,feb-95,ago-99
853,812B-506DE567E697,Instituto Miguel de Cervantes de San Luis,Asesor de sistemas/Programador,feb-95,feb-99
854,9DB6-772A9E196E91,INTERAPAS,AUXILIAR ADMINISTRATIVO - TÉCNICO DE OBRA,ene-23,abr-24
855,BCFD-58A9A9A139DD,Consejo Potosino de Ciencia y Tecnología,Coordinador de Divulgación Científica,ene-10,ene-13
856,BCFD-58A9A9A139DD,NeoRobotik,Project Manager,feb-13,jul-15
857,96B2-FD6DEF62566D,GeoMaps,Propietario,ene-16,NULL
858,966C-D84AD8EF5342,MACROLYNK,Developer Trainee,jun-14,ene-14
859,966C-D84AD8EF5342,Rueda Systems,.NET Developer ,ene-15,may-15
860,966C-D84AD8EF5342,Universidad Autónoma de San Luis Potosí. Instituto de Metalurgía,Software Developer,may-15,jun-17
865,966C-D84AD8EF5342,DataKeeper Technologies  LLC,.NET Senior Software Engineer,jul-17,dic-25
866,966C-D84AD8EF5342,UATP,.NET Software Engineer,may-21,may-22
867,AB86-2F71F9D859B3,Cobarysa ,Desarrollador de proyecto ejecutivo arquitetonico ,ago-22,jul-25
868,AB86-2F71F9D859B3,Kombo creativo ,Arquitecto ,ago-22,ago-25
869,AB86-2F71F9D859B3,CONTEMPO STUDIO ,Arquitecto ,ago-23,ago-25
870,AB86-2F71F9D859B3,CREAACERO ,Desarrollador de proyecto ejecutivo arquitetonico ,ago-22,ago-25
871,AB86-2F71F9D859B3,UAPA UASLP ,Administrativo ,ago-22,ago-25
872,AB86-2F71F9D859B3,UASLP,DOCENTE ,ago-23,ago-25
873,9926-1F04C0461704,CRYOINFRA  S.A. DE C.V.,ASISTENTE DE GERENCIA TÉCNICA  ,ene-02,ene-03
874,B9CE-62356FB57411,Calvek Automation,Ingeniero de Control,mar-19,may-21
875,B9CE-62356FB57411,Espartec S.A. de C.V.,Ingeniero de Control y Automatizacion,mar-03,feb-19
879,B9CE-62356FB57411,Solutec Automation (Independiente),Ingeniero de Control (Independiente),jun-21,sep-25
880,B9CE-62356FB57411,Pulso San Luis (Editora Mival,Ingeniero de Sistemas,feb-98,feb-99
881,B9CE-62356FB57411,Gobierno del Estado de San luis Potosi,Administrador y Diseno WEB (medio tiempo),ene-01,mar-02
882,B9CE-62356FB57411,EXA Adaptive Technologies,Ingeniero de Software (medio tiempo),mar-01,feb-03
883,98FA-102183772081,Mabe,Desarrollo de proyectos de calidad de la energía,feb-25,sep-25
