3,A747-97D1672F5F4B,COLEGIO DE INGENIEROS CIVILES DE SAN LUIS,15,MIEMBRO
4,8676-9B08C03A43C0,Asociación de Ingenieros  Metalurgistas y Geólogos de México A.C.,17,Miembro 
5,8676-9B08C03A43C0,Sociedad Mexicana de Electroquímica AC,30,Miembro 
6,8676-9B08C03A43C0,The Minerals  Metals and Materials Society,21,Miembro 
7,8793-C272A821451E,IEEE,12,Miembro Profesional
8,8793-C272A821451E,ACM,12,Miembro Profesional
9,8E2B-4D4870DDD4AD,Sociedad Mexicana de Electroquímica,7,miembro
10,8E2B-4D4870DDD4AD,National Association of Corrosion Engineers (NACE).,29,miembro
11,8E2B-4D4870DDD4AD,Steel Structures Painting Council (SSPC).,12,miembro
13,81C8-ABBD2E182908,Expertos ODS México,1,Expositor  planeador
14,AC0C-96144F0179CC,Asociación Mexicana De Carbono,6,Miembro
15,AC0C-96144F0179CC, Red en medio Ambiente,2,Miembro
16,AC0C-96144F0179CC,Asociación Mexicana De Adsorción,1,Secretaria de finanzas
17,8676-9B08C03A43C0,International Society of Electrochemistry ,5,Miembro
18,B84F-623D2FFF368E,Capítulo Estudiantil IPICYT-Sociedad Mexicana de Materiales.,1,Miembro
19,A7AB-C2055831FEE5,Sociedad Mexicana de Electroquímica,24,Miembro
20,A7AB-C2055831FEE5,Sociedad Mexicana de Electroquímica,4,Secretario
21,A7AB-C2055831FEE5, Asociación de Ingenieros de Minas  Metalurgistas y Geologos de México . Distrito SLP,14,Miembro
22,A05B-AE7E97F1800E,Instituto Nacional de Antropología e Historía,3,Consejero titular
23,A05B-AE7E97F1800E,Sociedad Mexicana de Paleontología,2,Presidente de la SOMEXPAL
24,A05B-AE7E97F1800E,Sociedad Mexicana de Paleontología,2,Vicepresidente de la SOMEXPAL
25,A05B-AE7E97F1800E,Miembro de Sociedad Geologica Mexicana,15,Socio Activo
26,A05B-AE7E97F1800E,Miembro de la  Asociación de Ingenieros de Minas  Metalurgistas y Geologos de México  A.C.,15,Socio Activo
27,A05B-AE7E97F1800E,Miembro de la Red de divulgadores de la Ciencia  (REDICITY),8,Líder de grupo de divulgación (Fossilia).
28,B5AB-202D985E099D,Asociacion Nacional de Energia Solar ,10,Socio 
29,B5AB-202D985E099D,Red CONACYT de Energía Solar ,6,Socio
32,A441-8582DDCA08DA,CANACERO-OIT,2,Miembro
33,898F-BF42CA1693A8,Asociación de Ingenieros de Minas  Metalurgistas y Geólogos de México  A. C,5,Socio
34,898F-BF42CA1693A8,American Chemical Society,2,Miembro
35,898F-BF42CA1693A8,Red Latino Americana de Prevención y Gestión de Sitios Contaminados  Capítulo México,10,Miembro
36,B5AB-202D985E099D,Red de Ciencia Tecnología y Genero,5,Socio
37,9858-FFCF2CDEEEE8,Concejo de Acreditación de la Enseñanza de la Ingeniería,7,Cuerpo de evaluadores
38,B548-C001774C5E41,CETTMAP,5,MIEMBRO VOLUNTARIO
39,B548-C001774C5E41,BREC UBAN,3,VOLUNTARIO
40,B548-C001774C5E41,BOMBEROS VOLUNTARIOS DE SAN LUIS POTOSI,18,BOMBERO VOLUNTARIO
41,B548-C001774C5E41,CRUZ ROJA MEXICANA  DELEGACIÓN SAN LUIS POTOSI,8,T.U.M. BÁSICO VOLUNTARIO
42,B548-C001774C5E41,GRUPO VOLUNTARIO DE PERROS DE BUSQUEDA Y RESCATE,3,T.U.M. BÁSICO VOLUNTARIO
43,B260-9109B86AFBA4,Academia Nacional de Educadores Ambientales,6,miembro numerario
44,B28E-F8E515736A4E,Nucleo Basico academico del Posgrado en Tecnología y Gestión del Agua,11,miembro 
45,9FEF-FEB0A53EA59D,• Vicepresident del North Central Committee NCERA-213 Migration and Dispersal of Agriculturally-Important Biota. Consejo de instituciones de investigación científica y el US Department of Agriculture para modelado de migración y dispersión de organismos vi,4,Tesorero y vicepresidente
51,9FEF-FEB0A53EA59D,INTERAPAS Organismo municipal del agua,4,Vocal del consejo consultivo del INTERAPAS
52,9FEF-FEB0A53EA59D,INTERAPAS Organismo municipal del agua,4,Miembro de la junta de gobierno
53,9FEF-FEB0A53EA59D,SENASICA - SAGARPA,3,Asesor del Consejo de Vigilancia Epidemiológica Federal
60,9FEF-FEB0A53EA59D,UNESCO,3,Miembro Cátedra Sostenibilidad Univ Pol de Cataluña
61,9FEF-FEB0A53EA59D,Secretaría de Ecología de Gobierno del Estado de SLP,4,Presidente Consejo Consultivo de Cambio Climático
64,9FEF-FEB0A53EA59D,Red Latinoamericana de Ciencias Ambientales,7,Miembro / presidente para el Congreso 2017.
65,9FEF-FEB0A53EA59D,CONACyT,4,Miembro de la Red de Vivienda
66,9FEF-FEB0A53EA59D,COPOCyT,4,Miembro de la Red de Divulgación Científica
67,9FEF-FEB0A53EA59D,International Union for the Conservation of Nature,4,Miembro de la red IUCN Comisión de Educación
68,9FEF-FEB0A53EA59D,Asociación Potosina de Protección al Medio Ambiente AC,4,Miembro
69,9FEF-FEB0A53EA59D,Red Mexicana para el Manejo Ambiental de Residuos REMEXMAR,4,Miembro
70,8780-3F2C8DA8FB2D,Sociedad Mexicana de Ingeniería Mecánica,5,Miembro
71,8B57-58A0B378F8A1,ASM International,11,Miembro
72,B91E-9B0E4E43E39D,SOCIEDAD MEXICANA DE FUNDIDORES,3, COMITE HONARIO DEL CAPITULO ACADEMICO METALURGICO
73,966D-6081F3B5473F,ACADEMIA MEXICANA DE CIENCIAS,11,MIEMBRO REGULAR
75,8B55-2FD9C2CDB9DB,Sociedad Mexicana de Entomología,5,Socio
76,A8DF-1E597B3CE75A,MIEMBRO DE LA ASOCIACIÓN DE EJECUTIVOS DE LA GESTIÓN DEL TALENTO HUMANO DE SAN LUIS POTOSI AC,11,MIEMBRO
77,A8DF-1E597B3CE75A,COLEGIO DE CONTADORES PÚBLICOS DE SAN LUIS POTOSI,20,MIEMBRO
78,91D7-34FF3F297B62,Consejo Municipal de Desarrollo Urbano y Vivienda del Municipio de San Luis Potosí. S.L.P. México,2,Miembro del Consejo
79,91D7-34FF3F297B62,Miembro del Consejo Consultivo del Instituto Municipal de Planeación. Municipio de San Luis Potosí  S.L.P. México.,2,Miembro del Consejo
80,91D7-34FF3F297B62,Miembro del Consejo Consultivo de Cambio Climático del Estado de San Luis Potosí,8,Miembro del Consejo
81,91D7-34FF3F297B62,Delegado de La Facultad de Ingeniería. Miembro del XVII y XVI Congreso General de la Unión de Asociaciones del Personal Académico de la UASLP,5,Delegado de la Facultad de Ingeniería.
82,B2B9-C9CB95F55072,Asociación de Ingenieros de Minas  Metalurgistas y Geólogos de México,11,Socio
83,A5A7-43F2C26C43A5,Servicio Alemán de Intercambio Académico (DAAD),8,Embajadora emérita del DAAD
84,A5A7-43F2C26C43A5,Sociedad Volcanológica Chile,3,Miembro
85,A5A7-43F2C26C43A5,Geological Society of America,1,Miembro
86,A5A7-43F2C26C43A5,European Geosciences Union,1,Miembro
87,A16C-AFA7E8FEEA6F,Facultad de Ingenieria,2,Organizadora de conferencia
88,A16C-AFA7E8FEEA6F,Facultad de Ingeniería UASLP,2,Organizadora de curso taller de actualización docente
89,A16C-AFA7E8FEEA6F,Comité ANFEI -ASIBEI,1,Comité organizador
90,97B0-E40EC464619C,Asociación Mexicana de Geólogos Petroleros,38,Socio
91,97B0-E40EC464619C,Asociación de Ingenieros Petroleros de México ,36,Socio
92,AECC-3717A5139483,COLEGIO DE INGENIEROS AGRÓNOMOS,12,MIEMBRO
93,AECC-3717A5139483,RED CONACYT DE SISTEMAS DE CAPTACIÓN DE AGUA DE LLUVIA,12,MIEMBRO
94,AECC-3717A5139483,AMERICAN SOCIETY OF AGRICULTURAL ENGINEERS ,3,MIEMBRO
95,9F70-631542E15748,sociedad Latinoamericana de Percepción Remota y Sistemas de Información Espacial (SELPER),16,socio activo
96,9F70-631542E15748,Association Québécoise de Télédétection,3,socio activo
97,9CD4-C3F1E58742DD,Asociación de Mineros  Geologos y Metalurgista de Mexico,10,Miembro
98,A57D-3A05F840F619,Sociedad Científica Mexicana de Ecología,12,Socio
99,961E-D1D3CBCC7E87,Union Geofísica Mexicana,2,Miembro 
100,A789-29AD6B988B66,Society for Range Management,1,Miembro
101,A789-29AD6B988B66,International Association of Wildland Fire,1,Miembro
102,961E-D1D3CBCC7E87, European Geosciences Union,4,Miembro 
103,8B2B-86A0682C7ECD,Comisión Dictaminadora externa del Instituto de Geología de la Universidad Nacional Autónoma de México (UNAM) ,6,Miembro
104,8B2B-86A0682C7ECD, Consejo asesor de minería del gobierno del estado de San Luis Potosí ,13,Miembro
105,8B2B-86A0682C7ECD,Comité académico de la maestría en geología aplicada  DES Ingeniería  sede. Instituto de Geología  UASLP ,19,Miembro
106,8B2B-86A0682C7ECD,Organismo colegiado de evaluación de becas al desempeño académico del IPICyT. S. L. P.,10,integrante
107,8B2B-86A0682C7ECD,Comisión colegiada permanente de categorización de la UASLP  área de ciencias naturales y exactas,22,integrante
108,8B2B-86A0682C7ECD,Mesa directiva Nacional de la Sociedad Geológica Mexicana,2,Vicepresidente de educación
109,8B2B-86A0682C7ECD,Delegación San Luis Potosí de la Sociedad Geológica Mexicana,2,Presidente
110,8B2B-86A0682C7ECD,Geological Society of America  Campus Representative San Luis Potosí,16,Representante para San Luis Potosí y centro de México
111,8B2B-86A0682C7ECD,Geological Society of America  ,25,Miembro
112,8B2B-86A0682C7ECD,Unión Geofísica Mexicana ,25,Miembro
113,8B2B-86A0682C7ECD,Sociedad Geológica Mexicana,28,Miembro de la Sociedad Geológica Mexicana desde 1994
114,8B07-A4FEB5EE43AD,ASOCIACION DE INGENIEROS DE MINAS METALURGISTAS Y GEOLOGOS DE MÉXICO  A C  DISTRITO SAN LUIS,2,Secretario
115,8B07-A4FEB5EE43AD,COLEGIO DE INGENIEROS GEOLOGOS DISTRITO SAN LUIS ,3,Secretario
116,8E44-4CD5A2183D30,Unión Geofísica Mexicana,16,Miembro
117,8E44-4CD5A2183D30,IAVCEI,18,Miembro
118,9F2E-690464EFFA85,Asociación de Geólogos  Mineros y Metalurgistas de México A.C.,1,Socio
119,9F2E-690464EFFA85,Sociedad Geológica Mexicana,1,Socio
120,8B39-6475BF5A282E,Asociación de ingenieros Mineros  Metalurgistas y Geólogos de México,35,socio
121,B0BC-B5007BAAE968,Consejo de Acreditación de la Enseñanza de la Ingeniería  A.C.,6,Integrante
122,8124-EC5803EE2762,Secretario de Academia de Geología de Exploración,4,100%
123,8124-EC5803EE2762,Tecnico Academico Nivel  B,25,100%
124,AE08-4698961972FC,COLEGIO DE INGENIEROS DE MINAS METALURGISTAS Y GEOLOFOS DE MEXICO,20,PRESIDENTE DE DISTRITO
125,AE08-4698961972FC,ASOCIACION DE INGENIEROS DE MINAS METALURGISTAS Y GEOLOGOS DE MEXICO,40,PRESIDENTE DE DISTRITO
126,A671-CCC4DB53F52B,Asociación Geohidrológica Mexicana,25,Miembro Activo
127,A671-CCC4DB53F52B,International Association of Hydrogeologists,30,Miembro Activo
128,A671-CCC4DB53F52B,National Groundwater Association,20,Miembro Activo
129,A671-CCC4DB53F52B,Asociación de Ingenieros de Minas  Metalurgistas y Geólogos de Mexico,18,Miembro Activo
130,A671-CCC4DB53F52B,Colegio de Ingenieros de Minas  Metalurgistas y Geólogos de México AC,6,Miembro Activo
131,86D1-5462E241766C,Asociación Mexicana de Robótica (AMRob),2,Tesorero
132,86D1-5462E241766C,Asociación Mexicana de Robótica (AMRob),2,Vicepresidente
133,86D1-5462E241766C,Asociación Mexicana de Robótica (AMRob),2,Presidente
134,86D1-5462E241766C,IEEE,11,Miembro activo no. 91101287
135,A8BC-DB8861AF4656,CANACINTRA,4,CONSEJERO
136,A8BC-DB8861AF4656,COMITE DE  PARTICIPACION  CIUDADANA  DE  LA  PGR  EN   SLP,6,PRESIDENTE
137,A8BC-DB8861AF4656,AMIME  SECCION  SAN  LUIS,4,SECRETARIO
138,A8BC-DB8861AF4656,CONSEJO  DIRECTIVO  DEL  COLEGIO  DE  SAN  LUIS  A.C. ,6,CONSEJERO
139,A8BC-DB8861AF4656,UNION  GANADERA  REGIONAL  DE  SAN  LUIS  POTOSI,3,PRESIDENTE
140,8786-0DCD2FE4090B,ASOCIACION DE GEOLOGOS Y METALURGISTAS DE MEXICO,30,MIEMBRO ACTIVO
141,86A4-7121696F4C82,COLEGIO DE INGENIEROS CIVILES,37,MIEMBRO 
142,86A4-7121696F4C82,CAMARA MEXICANA DE LA INDUSTRIA DE LA CONSTRUCCION,31,MIEMBRO 
143,86A4-7121696F4C82,ASOCIACION MEXICANA DE ING. EN VIAS TERRESTRES( AMIVT),17,MIEMBRO 
144,86A4-7121696F4C82,SOCIEDAD MEXICANA DE INGENIEROS (SMI),39,PRESIDENTE ESTATAL SECTOR JUVENIL Y MIEMBRO
145,9342-061E0F0BC6B4,Academia de Termodinámica de la Facultad de Ingeniería,4,Presidenta
146,B311-E68931130BE5,Colegio Universitario de Ciencias y Artes  A. C. Mayo  2007.,17,Miembro
147,8196-F135D52B74FE,Asociacion Mexicana de Microscopia A.C.,24,socio y vocal
148,8196-F135D52B74FE,Sociedad Mexicana de Materiales A.C.,22,socio y vocal
149,B6B7-6D3D31284E60,Asociación de Ex-Alumnos de la Facultad de Ingeniería de la UASLP  A.C.,33,Miembro
150,B6B7-6D3D31284E60,Asociación de Ex-Alumnos de la Facultad de Ingeniería de la UASLP  A.C.,2,Secretario de la Asociación
151,B6B7-6D3D31284E60,Asociación de Ex-Alumnos de la Facultad de Ingeniería de la UASLP  A.C.,2,Presidente de la Asociación
152,8802-DF575AF48C52,CANACINTRA,15,miembro (no vigente)
153,BAE6-8C795CF7F1B0,• Sociedad Mexicana de Física,NULL,NULL
154,BAE6-8C795CF7F1B0,• Comité Mexicano del Frío  A.C.,NULL,NULL
155,BAE6-8C795CF7F1B0,• Asociación Nacional de Energía Solar   (ANES),NULL,NULL
156,BAE6-8C795CF7F1B0,• International Asociation of Solar Energy,NULL,NULL
157,BAE6-8C795CF7F1B0,• American Physical Society,NULL,NULL
158,9D58-CCD553319E8A,Grupo de expertos de agua de la Universidad de Siegen,9,Asistente a workshops  organizador de workshop
159,9D58-CCD553319E8A,Red CYTED Aquamemtec,2,Coordinador en San Luis Potosí
160,AD95-FFF7D1BFB099,Sociedad Matemática Mexicana,7,Miembro
161,B176-B8E05100F393,Colegio Nacional de Ingenieros Agroindustriales,10,Directivo
162,911A-421C9A53F3F4,Colegio Potosino siglo XXI de ingenieros civiles profesionales  A.C. ,1,Miembro activo 
163,B548-C001774C5E41,GRUPO VOLUNTARIO DE PERROS DE BUSQUEDA Y RESCATE,3,MIEMBRO VOLUNTARIO
164,AAA3-DB11D6BC67F5,Red latinoamericana de Ciencias Ambientales,6,Miembro
165,AAA3-DB11D6BC67F5,Red Temática de Gestión de la Calidad y Disponibilidad del Agua ,3,Comité técnico  Miembro
166,AAA3-DB11D6BC67F5,Colegio Universitario de Ciencias y artes  A.C.,3,Miembro
169,8F56-F9AA6096D2CA,International Society for Photogrammetry and Remote Sensing (ISPRS),5,Miembro
170,BD6E-AD7EAD78C90B,Colegio de Ingenieros Civiles,1,Integrante
171,9247-CCA3D43577CC,COLEGIO DE ARQUITECTOS DE SAN LUIS,1,PRESIDENTE
172,A171-3BA9BB00F6BF,Asociación Mexicana de Ingeniería  Ciencia y Gestión Ambiental  A. C. (AMICA) y de la Asociación Interamericana de Ingeniería Sanitaria y Ambiental AIDIS. ,2,? Miembro Asociado Profesional 
203,A719-7932825DC436,H. Ayuntamiento de San Luis Potosí 2012-2015,3,Consejo Municipal de Participación Social en la Educación
209,A719-7932825DC436,H. Ayuntamiento de San Luis Potosí 2015-2018,3,Consejo Municipal de Participación Social en la Educación
210,A719-7932825DC436,H. Ayuntamiento de San Luis Potosí 2018-2021,3,Consejo Municipal de Participación Social en la Educación
211,A719-7932825DC436,Mini Asociados México  A.C.,28,Mesa Directiva
212,A719-7932825DC436,Federación Mexicana de Automóviles Clásicos y de Colección  A.C.,10,Apoyo a Delegado
213,A719-7932825DC436,Red de Divulgación de Ciencia  Tecnología e Innovación (REDICITI) - COPOCYT,9,Coordinador General
214,B9BF-2AC52A76BAD6,Instituto Nacional Electoral,1,Presidente de casilla durante la Jornada Electoral
215,B9BF-2AC52A76BAD6,Asociación Mexicana de Investigación en Productos Naturales  A.C.,1,Socio profesionista
216,B9BF-2AC52A76BAD6,Red Temática Conacyt - Aprovechamiento Integral sustentable y Biotecnología de los agaves ,6,Miembro activo 
217,B9BF-2AC52A76BAD6,15a Reunión Internacional de Investigación en Productos Naturales/AMIPRONAT,1,Comité organizador 
218,9FF4-644CD34EC2BB,RED LATINOAMERICANA DE CIENCIAS AMBIENTALES,4,Miembro
219,9FF4-644CD34EC2BB,RED INTERNACIONAL PARA LA SOSTENIBILIDAD DE LAS ZONAS ÁRIDAS ,2,Miembro
220,AB0B-2280B9319BF9,Colegio Nacional de Ingenieros Agroindustriales,1,Miembro
221,9747-92D2EB3B23CC, Asociación Mexicana para la Protección a los Alimentos,3,Miembro regular 
222,AA24-CF77C79DB3DB,Colegio Nacional de Ingenieros Agroindustriales de México  ,4,Vicepresidenta del H. Consejo Nacional de Vigilancia
223,991C-FA129880F0E0,Red Mexicana de Supercómputo,7,Miembro
225,AF96-D1BC7AFA1A2E,IEEE,11,miembro
226,AF96-D1BC7AFA1A2E,AMEXCOMP,5,miembro adherente
227,BECB-C0B6A90CCD7C,REDMIS  Red Temática Mexicana de Ingeniería de Software,10,Miembro
228,BECB-C0B6A90CCD7C,WESO  Web Semántica Oviedo,13,Miembro externo del grupo de investigación WESO
229,BECB-C0B6A90CCD7C,IAOA  Asociación Internacional de Ontología y sus Aplicaciones,14,Miembro
230,BECB-C0B6A90CCD7C,ACM  Asociación de Maquinaria de Computación,16,Miembro profesional
232,BECB-C0B6A90CCD7C,SMCC  Miembro de la Sociedad Mexicana de Ciencias de la Computación,10,Miembro
233,BECB-C0B6A90CCD7C,Asociación Internacional de Ciencia y Tecnología para el Desarrollo (IASTED),3,Miembro
234,AB58-C0CFB51A6607,Academia Mexicana de Computación,4,Miembro adherente
235,8FA6-5A5255158C80,Sociedad  Mexicana  en Inteligencia  Artificial (SMIA),10,Miembro
236,8FA6-5A5255158C80,Association for Computing Machinery (ACM),8,Professional membership (2014-2023)
237,8535-4D66704CA1C0,Asociación Nacional de Facultades y Escuelas de Ingeniería(ANFEI),18,NULL
238,8535-4D66704CA1C0,Red de Divulgación de Ciencia y Tecnología e Innovación (REDICITI),NULL,NULL
240,BE57-4684CED28435,Universidad Autónoma de San Luis Potosí,1,Miembro del equipo para la elaboración del PIDE 2023-2030
241,B2EE-4A9BB5810551,Camara Minera del Perú,15,Capacitador
242,BCAE-26B18BAE1871,REDICITI - Red de Divulgación de Ciencia  Tecnología e Innovación - SLP,2,Miembro
245,BF0F-B6908F5180F8,Universidad Iberoamericana León,1,integrante
246,B5AB-202D985E099D,Red de Mujeres en Energía Renovable y Eficiencia Energética,5,Socio
247,B5AB-202D985E099D,Red OTT (Oficina de Transferencia deTecnología) ,3,Socio
248,B5AB-202D985E099D,LIFting MX es un programa que tiene por objetivo desarrollar la capacidad de los investigadores en la creación de redes internacionales de innovadores y emprendedores tecnológicos,2,Socio
249,B5A6-1460745FED4B,International Collegiate Programming Contest,7,Representante de la sede ICPC en San Luis Potosí
250,8191-902AE9EF0D4A,Sociedad Mexicana de Ingeniería Biomedica,1,Socio 
252,8521-6BDFB737A821,Facultad de Ingenieria  Areas Ciencias de la Computación  Mecánica Eléctrica,15,Secretario y Presidente de Academia
253,8D45-AE2193E5B62A,Applied Vision Association (AVA),15,Miembro
254,8D45-AE2193E5B62A,Academia Mexicana de Computación (AMEXCOMP),2,Miembro
255,8D45-AE2193E5B62A,CENEVAL (Comité Académico de Elaboración de Reactivos),3,Integrante
256,A469-16CF6916B468,RED MEXICANA DE INVESTIGACIÓN EN INGENIERÍA DE SOFTWARE,8,MIEMBRO FUNDADOR. ORGANIZADOR DE CONGRESO ANUAL CONISOFT
257,9AE5-47D36683045F,Asociación Mexicana de Interacción Humano-Computadora A.C.,2,Miembro titular
261,9AE5-47D36683045F,Asociación Nacional de Facultades y Escuelas de Ingeniería (ANFEI),6,Miembro del Comité Académico de la CNI
262,9AE5-47D36683045F,Academia Mexicana de Computación,1,Miembro Regular
263,AB0B-2280B9319BF9,Consejo Municipal de Desarrollo Rural Sustentable de San Luis Potosí,1,Consejera
264,9BAB-6B6142FED5C5,Colegio Universitario de Ciencias y Artes ,4,Miembro activo
265,A16C-AFA7E8FEEA6F,Comité ANFEI -ASIBEI,NULL,Comité de acompañamiento
266,A16C-AFA7E8FEEA6F,IPAC,2,Empresarios
285,B9A2-F36AAE0846EF,Comité Académico de la Estrategia Educativa Digital de la Facultad de Ingeniería,3,diseñadora y capacitadora en cursos
287,ADBE-D146C9FA7317,Sociedad Mexicana de Ingeniería Estructural A.C.,5,Socio
288,ADBE-D146C9FA7317,Sociedad Mexicana de Ingeniería Sismica A.C.,5,Socio
289,9498-2DFD2CB96787,COLEGIO POTOSINO DE INGENIEROS CIVILES SIGLO XX1,2,MIEMBRO NUMERARIO
290,866A-7B163D71D67D,COLEGIO DE INGENIEROS CIVILES DE SAN LUIS,1,MIEMBRO
291,866A-7B163D71D67D,SOCIEDAD MEXICANA DE INGENIERÍA CIVIL,1,MIEMBRO
292,AD04-5942D3B84203,ORDINE DEI GEOLOGI DELLA TOSCAN(ITALIA),35,INSCRIPCION ELENCO PROFESSIONAL ESPECIAL - CEDULA N. 271 ogt
293,B1EC-9B6035353C01,Colegio de Ingenieros Civiles de San Luis Potosí  A.C.,14,Presidente del XVIII Consejo Directivo
294,B1EC-9B6035353C01,Asociación Mexicana de Ingeniería en Vías Terrestres,6,Presidente de la Delegación San Luis Potosí
295,B1EC-9B6035353C01,Federación Mexicana de Colegios de Ingenieros Civiles  A.C. ,4,Miembro del IX Consejo Directivo
296,B1EC-9B6035353C01,Sociedad Mexicana de Ingeniería Estructural  A.C.,4,Presidente de la Representación San Luis Potosí - Zacatecas
297,B1EC-9B6035353C01,IMPLAN,2,Miembro de la Junta de Gobierno
298,B1EC-9B6035353C01,Interapas,2,Integrante del Consejo Consultivo
299,93EF-E0F98BC5D309,Colegio Nacional de Peritos Topógrafos,3,Miembro
300,9BBE-4FCA29CC4800,COLEGIO DE INGENIEROS CIVILES DE MEXICO,36,BAJA
301,9BBE-4FCA29CC4800,ASOCIACION MEXICANA DE INGENIERIA EN VIAS TERRESTRES AC,36,MEDIO
302,9BBE-4FCA29CC4800,COLEGIO SIGLO 21 DE INGENIEROS CIVILES DE SAN LUIS POTOSI,8,BAJO
303,9BBE-4FCA29CC4800,CAMARA MEXICANA DE LA INDUSTRIA DE LA CONSTRUCCION,30,BAJO
304,B15A-FDE53433FA23,COLEGIO POTOSINO SIGLO XXI DE INGENIEROS CIVILES PROFESIONALES A.C,13,participación en la mesa directiva y como agremiado 
305,B4DC-F55F4554D276,CMIC,10,COLEIGADO
306,B4DC-F55F4554D276,COLEGIO DE INGENIEROSCIVILES,5,COLEGIADO
307,B4DC-F55F4554D276,ASOCIACION MEXICANA DE VIAS TERRESTRES,10,COLEGIADO
308,B4DC-F55F4554D276,ASOCIACION MEXICANA DEL ASFALTO AC,10,COLEGIADO
309,B40A-259F9C61D2E1,COLEGIO POTOSINO SIGLO XXI DE INGENIEROS CIVILES PROFESIONALES AC,8,VINCULACIÓN CON LA FACULTAD DE INGENIERÍA DE LA UASLP 
310,B40A-259F9C61D2E1,COLEGIO POTOSINO SIGLO XXI DE INGENIEROS CIVILES PROFESIONALES AC,NULL,IMPARTI UN CURSO-TALLER  DE CARACTERIZACIÓN DE AGREGADOS
314,B40A-259F9C61D2E1,ECOS EXPERIENCIAS DOCENTES UASLP,NULL,CARTELISTA 
315,B40A-259F9C61D2E1,NULL,NULL,NULL
316,B40A-259F9C61D2E1,CAPÍTULO ESTUDIANTIL DEL ACI,8,ASESORA 
317,A718-E67D2C6E897E,Colegio de Ingenieros Civiles,3,miembro
318,8F56-F9AA6096D2CA,American Society for Photogrammetry and Remote Sensing (ASPRS),8,Miembro individual
319,8F56-F9AA6096D2CA,IEEE Geoscience and Remote Sensing Society (IEEE-GRSS),8,Miembro activo
320,A950-6397C7421815,Colegio de ingenieros Civiles de San Luis Potosí.,20,Socio 
321,BE82-6360267D5D74,Sociedad Mexicana de Ingeniería Estructural,5,Socio
322,BE82-6360267D5D74,Earthquake Engineering Research Intitute,7,Socio
325,9BF4-0F6C75F3BBAD,Sociedad Mexicana de Ingeniería Estructural,2,Miembro activo
326,9BF4-0F6C75F3BBAD,Sociedad Mexicana de Ingeniería Estructural,1,Secretario de la Mesa Directiva de la Representación SLP-ZAC
327,B562-1C2BC5D41E43,Asociación Mexicana de vías terrestres ,5,subdelegada Capitulo San Luis Potosí 
328,B562-1C2BC5D41E43,Colegio de ingenieros topógrafos A.C. ,5,Activa 
329,A3B6-58987324E43E,COLEGIO DE INGENIEROS CIVILES SIGLO XX,10,ASOCIADO
330,85D5-86C62DDBC227,Cámara Mexicana de la Industria de la Construcción San Luis Potosi,3,Tesorero
331,960B-8B7FFCDC5513,Asociación de Ex alumnos de Ingenieria ,2,miembro
332,9D18-BDCA3FFF7140,Asociación Geohidrológica Mexicana A.C.,14,Socio
333,9D18-BDCA3FFF7140,Asociación Mexicana de Hidráulica A.C.,5,Socio
334,A2A2-C440A6460EE3,NULL,NULL,NULL
335,9F70-631542E15748,Red Internacional para la Sostenibilidad de Zonas Aridas (RISZA),6,Miembro investigador
336,A5A7-43F2C26C43A5,Geolatinas,1,Miembro
337,B49B-07712BD110BC,Asociación de Ingenieros de Minas  Metalurgistas y Geólogos de México,6,Miembro de la Mesa Directiva Distrito San Luis Potosí
342,956D-8D4DC44373F0,Cámara Minera de México,30,Grupos de trabajo en elaboración de normas y en la COMARNAT
343,956D-8D4DC44373F0,Canacintra e IPAC,10,Director Comité de Mejoramiento Ambiental
344,956D-8D4DC44373F0,Asociación de Ingenieros de Minas Metalurgistas y Geólogos de México  A.C. ,12,Socio
345,81A5-C774A668F19C,CUCA Colegio Universitario de Ciencias y Artes,1,Miembro
355,B260-9109B86AFBA4,Consorcio Mexicano de Instituciones de Educación Superior para la Sustentabilidad,6,(suplente) Representante institucional
380,A946-D33996556BD2,Asociación de Ingenieros de Minas  Metalurgistas y Geólogos de México A. C. ,3,Socio nacional 
381,A6BB-33B75BF1F09A,SOCIEDAD MEXICANA DE INGENIERIA MECANICA,4,MIEMBRO
382,8B62-87B4C529460A,Red de Divulgación de la Ciencia la Tecnología e Innovación (REDICITI  COPOCYT),9,Representante del Instituto de Metalurgia
383,8F89-F58A927A68DD,Asociación de Ingenieros de Minas  Metalurgistas y Geólogos de México A.C.,1,Miembro
384,8196-F135D52B74FE,CUCA UASLP,18,Miembro del CUCA desde hace mas de 18 años
385,A7AB-C2055831FEE5,Asociación de Ingenieros de Minas  Metalurgistas y Geologos de México . Distrito SLP,2,Coordinador de Metalurgia
386,A1E6-32C8D1074952,FACULTAD DE INGENIERIA UASLP,16,CATEDRATICO
387,A1E6-32C8D1074952,UNIVERSIDAD TECMILENIO,7,CATEDRATICO MAESTRIA
388,82B9-39B6BEF40813, Asociación de Ingenieros de Minas  Metalurgistas y Geólogos de México  A.C.,2,Miembro
389,B3D1-EA74037D96B3,SOCIEDAD GEOLOGICA MEXICANA,2,SECRETARIO
390,8DA2-BF0ED1B77A29,Sociedad Mexicana de Ingeniería Mecánica,1,Asociado
391,B0BC-B5007BAAE968,Registro de Pares para la Evaluación Diagnóstica y Formativa (REPEV) del Sistema de la Evaluación y Acreditación de la Educación Superior (SEAES) ,1,Integrante
392,9E0E-ED1070B91549,ORCID,1,APORTADOR
393,AF61-CCDA86355C16,CAMARA MEXICANA DE LA CONSTRUCCION,2,MIEMBRO
394,ABEC-0B60A0FEF856,Asociacion Mexicana de Ingenieria de Vias Terrestres  A. C.,1,Miembro
395,BC0B-61AA180538EC,Colegio de Ingenieros Civiles,1,Miembro
396,9AE5-47D36683045F,Secretaría de Ciencia  Humanidades  Tecnología e Innovación,5,Miembro del SNII
397,9AE5-47D36683045F,Consejo Potosino de Ciencia y Tecnología,3,Miembro del Sistema Estatal de Investigadores
398,8FA6-5A5255158C80,Institute of Electrical and Electronics Engineers (IEEE),3,Professional (2023-2025)
399,B40A-259F9C61D2E1,Instancia Municipal de la Mujer,1,Consejera
400,B40A-259F9C61D2E1,AMIVTAC,NULL,tesorera
401,88D0-287AAC02A8CA,Grupo de Investigación en Tecnología Educativa e Innovación,4,Miembro
402,A7E7-D92B4766AE06,Sociedad Mexicana de Materiales,9,Socio
403,BECB-C0B6A90CCD7C,AMEXCOMP  Academia Mexicana de Computación,1,Miembro
404,AB0B-2280B9319BF9,Red de Evaluadores de Solacyt,1,Miembro
405,AB0B-2280B9319BF9,Red Potosina de Mujeres por la Ciencia,1,Miembro
406,94D6-EC76BCD5E666,Sociedad Latinoamericana de Percepción Remota y Sistemas de Información Espacial,3,Socio
407,8188-55BC7A29B663,Congreso de posgrados facultad de estomatología UASLP,2,Comisión de tecnología
408,8A83-0E141216DFFB, CENEVAL (Comité Académico para la Validación de Reactivos del Examen General para el Egreso de la Licenciatura (EGEL Plus) en Ing. Computacional EGEL+D-ICOMPU),1,Integrante
409,8A83-0E141216DFFB, Comité Mexicano de Informática A.C,1,Delegada Estatal
410,B5A6-1460745FED4B,Olimpiada Potosina de Informática,2,Lider técnico
411,9839-3CF62708AA7C,NULL,NULL,NULL
425,92D3-DE2FD95F7A75,Asociación de abogados A.C. DE S.L.P.,25,Miembro activo 
430,9715-ABECE3F59367,CACEI A.C.,20,Responsable
431,BCFD-58A9A9A139DD,Network for Astronomy School Education - IAU,12,Chair for México
432,BCFD-58A9A9A139DD,Red de Popularización de la Ciencia y la Tecnología de América Latina y el Caribe,3,Socio
433,BCFD-58A9A9A139DD,Recreación en Cadena AC  Red Mexicana de Ciencia Recreativa,10,Directivo
434,A978-0FA3F5F359FE,CANACO,10,SOCIO EMPRESARIAL
435,A978-0FA3F5F359FE,CANACINTRA,11,SOCIO EMPRESARIAL
436,A978-0FA3F5F359FE,APCIE,6,SOCIO DE LA CAMARA
437,A978-0FA3F5F359FE,NAFA,4,INGENIERO EN CALIDAD DE AIRE
438,A978-0FA3F5F359FE,ROTARACT - ROTARY.,10,APOYOS SOCIALES EVENTUALES
439,8449-F50A127922A7, Asociación Mexicana de Adsorción A.C. (AMDA),3,miembro 
440,8449-F50A127922A7, Sociedad Mexicana de Materiales A.C. (SMMater),7,miembro
441,8449-F50A127922A7,Sociedad Mexicana de Ciencia y Tecnología de Superficies y Materiales A. C. ,3,miembro
442,8449-F50A127922A7,Asociación Mexicana de Carbono (AMEXCarb),1,miembro
443,9926-1F04C0461704,Materials Research Society,4,Miembro de la Sociedad de investigación de Materiales EUA
447,9926-1F04C0461704,CENEVAL,5,Miembro del consejo técnico del examen de IMECA 
448,9926-1F04C0461704,CACEI,3,Evaluador en programa de Ingeniería
