3,A747-97D1672F5F4B,RECONOCIMIENTO POR EL LOGRO DE 15 AÑOS DE ACREDITACIÓN CONTINUA DEL PROGRAMA DE INGENIERO CIVIL ANTE EL COMITÉ DE ACREDITACIÓN PARA LA ENSEÑANZA DE LA INGENIERÍA  A.C.  Facultad de Ingeniería  UASLP.  San Luis Potosí  S.L.P.  mayo 2011.  
4,A747-97D1672F5F4B,RECONOCIMIENTO POR LA ACREDITACIÓN ININTERRUMPIDA DEL PROGRAMA DE INGENIERO CIVIL ANTE EL COMITÉ DE ACREDITACIÓN DE LA ENSEÑANZA DE LA INGENIERÍA  A.C.  A 20 AÑOS DE OBTENER LA PRIMERA.  Facultad de Ingeniería  UASLP.  San Luis Potosí  S.L.P.  2017.
5,A747-97D1672F5F4B,DICTAMINADORA DEL I CONGRESO INTERNACIONAL DE INVESTIGACIÓN EDUCATIVA.  SECRETARIA DE EDUCACIÓN DE GOBIERNO DEL ESTADO.  San Luis Potosí  S.L.P.  mayo 2019    
6,A747-97D1672F5F4B,INCORPORACIÓN AL PADRÓN DE EVALUADORES DEL CONSEJO DE ACREDITACIÓN DE LA ENSEÑANZA DE LA INGENIERÍA  A.C.   CACEI  A.C.  México  D.F.  junio 2014.  
7,8A18-84C86D05077C,Participación en el convenio UASLP-JICA  Capacitación en Japón en Diseños de Fundición (curso).  Participación en la creación del Centro de Capacitación en Ingeniería de Materiales (CCIM).  Miembro de la Comisión Curricular del Área de Metalurgia y Materia
17,9B40-85375582E264,Silvia Gutiérrez Granados  Alejandro Alatorre Ordaz  Israel Rodríguez Torres  Guillermo Velasco Martínez  Salvador Arturo López Estrada  Ramiro Razo Hernández. ?Proceso asistido por energía solar para el tratamiento de efluentes contaminados por cromo hexa
18,9B40-85375582E264,Por haber dirigido el trabajo ganador del tercer lugar en el concurso de tesis nivel Doctorado  en el marco del XXXIV Congreso nacional de la Sociedad mexicana de Electroquímica 2019
20,BCAC-3E414E812BA6,Professional Certificate: Smart Cities y Territorios Inteligentes. Del 19 de Marzo al 6 de Julio de 2018. Universidad de Salamanca (Campus Excelencia Internacional). Duración de 136 h.
21,BCAC-3E414E812BA6,Certificación como Funcionaria con Cargo de Confianza. Instituto Panamericano de Estudios Superiores Abierto y  a Distancia.  160 h distribuidos en 4 módulos. 1ero. De Octubre de 2017.
23,AC0C-96144F0179CC,Miembro del sistema nacional de investigadores Nivel I del Área VII: Ingenierías 1 de Enero del 2010 al 31 de Diciembre 2012. 
24,AC0C-96144F0179CC, Miembro del sistema nacional de investigadores Nivel I del Área VII: Ingenierías 1 de Enero del 2013 al 31 de Diciembre 2016.
25,AC0C-96144F0179CC, Miembro del sistema nacional de investigadores Nivel I del Área VII: Ingenierías 1 de Enero del 2019 al 31 de Diciembre 2021.
26,AC0C-96144F0179CC,Perfil Deseable como PTC acreditado en Junio del 2012  con vigencia de 3 años.
27,AC0C-96144F0179CC,Perfil Deseable como PTC acreditado en Junio del 2015  con vigencia de 3 años
28,AC0C-96144F0179CC,Perfil Deseable como PTC acreditado en Junio del 2018  con vigencia de 3 años
29,8F13-580573C094AA,PREMIO NACIONAL CON IMPACTO SOCIAL AL MEJOR PROYECTO DE MANEJO DE RESIDUOS PELIGROSOS  RETOS PARA EL MANEONO DE ACEITE USADO AUTOMOTRIZ  USADO  GENERADO POR TALLERES AUTOMOTRICES DE SLP.  OTORGADO POR  LA AIDIS. AÑO 2005
30,B84F-623D2FFF368E,Ponencia Oral: CES-Edupack en el proceso de vinculación de los estudiantes de Ingeniería con el sector productivo XLVII Conferencia Nacional de Ingeniería  Noviembre 2020.   
31,B84F-623D2FFF368E,Poster presentation: Magnetocaloric effect and transition order of La0.67Ca0.28Sr0.05MnO3 compound. Autores: Verónica E. Salazar-Muñoz  Salvador A. Palomares-Sánchez  Azdrubal L.  Guerrero-Serrano  J. Israel Betancourt-Reyes  A. Alberto Torres-Castillo   J
37,A05B-AE7E97F1800E,Formar parte de la mesa directiva de la Sociedad Mexicana de Paleontología  en calidad de Vicepresidente de la misma.
38,A05B-AE7E97F1800E,Ser elegido como presidente de la Sociedad Mexicana de Paleontología del 2018 al 2019 
39,A05B-AE7E97F1800E,Celebrar en la Ciudad de San Luis Potosí el XV Congreso Nacional de Paleontología   contando una gran presencia de Investigadores Nacionales y Extranjeros. 
40,A05B-AE7E97F1800E,Formar parte del Nuevo Consejo de Paleontología de INAH (Instituto Nacional de Antropología e Historia)  nacional como vocal titular. Todo esto a partir del 2017 hasta la fecha.
41,A441-8582DDCA08DA,Desarrollo de la Documentación de Clientes en cuanto a Aprobación de la Primeras Partes Documentos tales como s PPAP?s  FPI?s  FPA al igual que Documento de Calidad como Diagramas de Flujo  AMEF & Planes de Control de los productos.
42,A441-8582DDCA08DA,Capacitación de mandos medios y altos en temas relacionados con los Estándares  ISO 9000.
43,A441-8582DDCA08DA,Implementar un Programa en Investigación y Calidad entre ARMCO R & D en USA y la División México  ACEROS NACIONALES  ? Implementar un Sistema de Calidad basado en el Estándar BS5750 antecesor de ISO 9002.  
44,8676-9B08C03A43C0,Patente MX 380604 B
46,A7AB-C2055831FEE5,Desarrollo tecnológico.- Consiste en el desarrollo de un proceso el cual ha sido puesto en operación  contribuyendo desde la investigación a nivel laboratorio para la producción de sulfato básico de zinc  utilizado como estrategia para la eliminación de im
48,B752-B7A9F5281A9E,Premio Potosino de Ciencia  Tecnología e Innovación 2019  categoría Investigador Joven  modalidad Investigación Científica  del área Ciencias Médicas y de la Salud.
49,B548-C001774C5E41,BOMBERO TÉCNICO INDUSTRIAL
50,B548-C001774C5E41,TÉCNICO EN URGENCIAS MÉDICAS
51,B548-C001774C5E41,TÉCNICO EN RESCATE VERTICAL
52,B548-C001774C5E41,TÉCNICO EN BÚSQUEDA Y RESCATE CON PERROS
53,B548-C001774C5E41,TÉCNICO EN RESCATE URBANO
54,9FEF-FEB0A53EA59D,Miembro del Sistema Nacional de Investigadores Nivel C CONACyT - 2011-2013. Reg. 50070.
61,9FEF-FEB0A53EA59D,Perfil Deseable PRODEP. Desde 23 de julio 2013 hasta la fecha.
67,B260-9109B86AFBA4,2019-Asesora externa de la UNESCO para la Región Centroamérica
68,B260-9109B86AFBA4,2016-Asesora externa de la Agencia para la Cooperación Alemana  GIZ.
74,B91E-9B0E4E43E39D,PARTICIPACION COMO MIEMBRO FUNDADOR DEL CAPITULO ACEDEMICO METALURGICO DE LA SOCIEDAD MEXICANA DE FUNDIDORES
75,B91E-9B0E4E43E39D,PARTICIPACION COMO FUNDADOR DEL CAPITULO ESTUDIANTIL EN METALRGIA Y MATERIALES
76,8B55-2FD9C2CDB9DB,Participación en la Implementación del primer Sistema Nacional de Vigilancia Epidemiológica Fitosanitaria (SINAVEF) del Servicio Nacional de Sanidad  Inocuidad y Calidad Agroalimentaria (SENASICA)
77,BC92-8E3D54432C8E,2017 obtención de 81 puntos de puntaje en el examen de TOEFL iBT equivalentes a 553 puntos en el examen escrito de TOEFL
78,A8DF-1E597B3CE75A, CERTIFICACIÓN DE COMPETENCIA LABORAL EN EL ESTÁNDAR DE COMPETENCIA ?IMPARTICIÓN DE CURSOS DE FORMACIÓN DE CAPITAL HUMANO DE MANERA PRESENCIAL GRUPAL
79,A8DF-1E597B3CE75A, CONTADOR PÚBLICO CERTIFICADO POR EL COLEGIO DE CONTADORES PÚBLICOS DE SAN LUIS POTOSÍ
80,A8DF-1E597B3CE75A,REGISTRO ANTE LA SECRETARÍA DEL TRABAJO Y PREVISIÓN SOCIAL COMO INSTRUCTOR EXTERNO INDEPENDIENTE CON EL NÚMERO DE REGISTRO COHM681120NC3 -005
81,91D7-34FF3F297B62,2015 - 2017. Perito Dictaminador en Ingeniería Ambiental en el Estado de San Luis Potosí
82,91D7-34FF3F297B62,2015-a la fecha. Agente Capacitador Externo  con el Número de Registro ante la STPS: AIGA6810147P6 - 0005
83,91D7-34FF3F297B62,03/2014-a la fecha. Auditor Interno de Sistemas Integrados ISO 14001:2004 & OHSAS 18001:2007.
84,AC0C-96144F0179CC,Premio a la mejor Tesis de Doctorado de Ingenieria Ambiental en la convocatoria 2006 del V Consejo Directivo del Colegio de Ingenieros Ambientales de Mexico A.C. del 27 al 29 de Septiembre de 2006
88,A16C-AFA7E8FEEA6F,Ponente en la ANEA 
89,A16C-AFA7E8FEEA6F,Ponente en ANFEI 2020
90,97B0-E40EC464619C,Programar pozos petroleros de exploración y pozos de desarrollo  intermedios y delimitadores  teniendo como resultado ?pozos productores de petróleo? en Pemex Exploración y Producción 
91,97B0-E40EC464619C,Incremento en la producción de petróleo y gas en el Activo Cinco Presidentes de Pemex Exploración y Producción  
92,97B0-E40EC464619C,Incremento en las reservas de petróleo en los campos del Activo de Producción Cinco Presidentes en Pemex Exploración y Producción  
93,97B0-E40EC464619C,Diseño de pozos petroleros para Aguas Profundas  con éxito 
94,A16C-AFA7E8FEEA6F,Certificación como Capacitador de Competencias laborales  RED CONOCER
95,AECC-3717A5139483,2006 Miembro del Subcomité Técnico Operativo de Evaluación perteneciente al Subcomité Hidroagrícola del FOFAES del Gobierno del Estado para la Evaluación de las Obras Hidroagrícolas del Estado de San Luis Potosí (Ratificación).
96,B97D-DD6716447EFD,Generación de información cartográfica para la declaratoria de Áreas Naturales Protegidas en el Estado de San Luis Potosí.
97,BF99-069AB1B1876E,Pertenecer al Sistema Nacional de Investigadores Nivel 1  desde el 2016
98,BF99-069AB1B1876E,Obtener recursos económicos del Conacyt en el programa de Atención a Problemas Nacionales 2015 para realizar un proyecto de investigación
99,9F70-631542E15748,En minera Santa Fé de México  S.A. de C.V. fui responsable de perforación de circulación inversa en Salinas de Hidalgo  San Luis Potosí  (junio 1995 a enero 1996)
100,9F70-631542E15748,En INEGI fui seleccionada para dar capacitación al personal de información temática. El tema desarrollado fue el tratamiento digital de imágenes satelitales para actualización de la información temática (noviembre 2001 y enero 2002)
101,B5AB-202D985E099D,"Solicitud de patente en tramite ""CENTRAL TERMOSOLAR EN CONFIGURACIÓN LINEAL DE FRESNEL Y REFLECTORES DE FORMADO AUTOESTRUCTURANTE QUE LA  CONFORMAN""29 de junio 2020  "
102,8B2B-86A0682C7ECD,Establecimiento de convenios de colaboración con el Servicio Geológico Mexicano para la realización de Cartas Geológico-Mineras  habiéndose concluido bajo esta colaboración y por parte del Instituto de Geología de la USLP un total de 15 cartas en escala 1:
103,8B2B-86A0682C7ECD,Establecimiento de convenios de colaboración con la Comisión Nacional del Agua (CONAGUA) por medio de los cuales se concluyeron estudios de disponibilidad de 7 acuíferos y estudios geológico-geotécnicos y geofísicos en 2 presas en construcción.
104,8B2B-86A0682C7ECD,Establecimiento de convenios de colaboración con compañías mineras (Grupo Peñoles  Luismin  Hochschild de México) por medio de los cuales se desarrollaron proyectos geológicos y de prospección minera en 8 distritos y unidades mineras de 5 estados de la rep
105,96BA-EB25A6DA1F69,Asesor de programas internos y  unidades internas de Protección   Civil. 2016.  Dirección de Protección Civil Municipal de San Luis Potosí  Coronel Romero  No 1287  Colonia Himno Nacional 2da sección. 
106,96BA-EB25A6DA1F69,Instructor externo STPS en sistemas  de medio ambiente  seguridad e   higiene. 2010 a la fecha.  Secretaria del Trabajo y Previsión Social (STPS).  Delegación Federal  S.L.P.  Calle Ingeniero Valentín Gama 1030  Las Águilas  78270 San Luis  S.L.P. 
107,96BA-EB25A6DA1F69,Verificador ANIQ -Auditor del sistema de administración en seguridad Integral (SARI). 2008 a la fecha.  Asociación Nacional de la Industria Química (ANIQ)  Ángel Urraza 505  Col. del Valle  Delegación Benito Juárez  Código postal 03100  Ciudad de México  D
108,96BA-EB25A6DA1F69,Diplomado en Mandos Medios. 2005  Centro de desarrollo empresarial (MDC). Av. Venustiano Carranza No 2145.  Col. Polanco. San Luis Potosí  S.L.P. 
109,96BA-EB25A6DA1F69,Brigadista de Servicios contra incendios  (2002)   Consejo de Normalización y Certificación de Competencia  Laboral. Barranca del Muerto No. 275  1er piso. Col. San José Insurgentes 
110,9CD4-C3F1E58742DD,Reconocimiento de perfil prodep y SNI
111,9F2E-690464EFFA85,Fresnillo Servicios S.A. de C.V. (Peñoles). Participación activa en la definición  barrenación  estudios de prefactibilidad y Modelo del Yacimiento de Francisco I. Madero. Primer deposito tipo SEDEX reportado en México.
112,9F2E-690464EFFA85,Minerales X-ORE S.A. de C.V. Participación en la exploración  cartografía  barrenación y modelo geológico de un posible yacimiento tipo CARLIN en Sonora. Este tipo de depósitos aun no se han reportado en México. 
113,9F2E-690464EFFA85,Instituto Nacional de Estadística Geografía e Informática (INEGI). Participación activa y encargado de la conversión de información analógica (cartas en papel) a formato digital (vectores)  de la información fisiográfica. Así como la validación de la infor
114,966D-6081F3B5473F,Reconocimiento a Perfil Deseable (PROMEP)  Secretaría de Educación Pública  otorgado por el período del 7/09/2019 al 6/09/2022.
115,966D-6081F3B5473F,Reconocimiento a Perfil Deseable (PROMEP)  Secretaría de Educación Pública  otorgado por el período del 7/10/2013 al 6/10/2019.
116,966D-6081F3B5473F,Reconocimiento a Perfil Deseable (PROMEP)  Secretaría de Educación Pública   otorgado por el período del 30/07/2010 a 30/07/2013
117,966D-6081F3B5473F,Reconocimiento a Perfil Deseable (PROMEP)  Secretaría de Educación Pública otorgado por el período del 21/09/2007 al 20/09/2010
118,966D-6081F3B5473F,Reconocimiento a Perfil Deseable (PROMEP)  Secretaría de Educación Pública otorgado por el período del 14/07/2004 al 13/07/2007
119,966D-6081F3B5473F,Obtención de la Beca PROMEP  para realizar estudios doctorales de 01/Sept/1999 a 28/Feb/2002
120,966D-6081F3B5473F,Líder del Cuerpo Académico ?Geodinámica y Evolución de la Corteza? que obtiene nombramiento de Cuerpo Académico Consolidado  otorgado por SES-PROMEP de la Secretaría de Educación Pública  por un período de 5 años.
121,966D-6081F3B5473F,Líder del Cuerpo Académico ?Geodinámica y Evolución de la Corteza? que obtiene nombramiento de Cuerpo Académico Consolidado  otorgado por SES-PROMEP de la Secretaría de Educación Pública  por un período de 5 años.
122,966D-6081F3B5473F,Líder del Cuerpo Académico ?Geodinámica y Evolución de la Corteza? que obtiene nombramiento de Cuerpo Académico Consolidado  otorgado por SES-PROMEP de la Secretaría de Educación Pública  por un período de 5 años.
123,966D-6081F3B5473F,Investigador Nacional Nivel II  Consejo Nacional de Ciencia y Tecnología  otorgado por el período del 01/01/2018 al 31/12/2022
124,966D-6081F3B5473F,Investigador Nacional Nivel II  Consejo Nacional de Ciencia y Tecnología  otorgado por el período del 01/01/2014 al 31/12/2017
125,966D-6081F3B5473F,Investigador Nacional Nivel I  Consejo Nacional de Ciencia y Tecnología  otorgado por el período del 01/01/2010 al 31/12/2013.
126,966D-6081F3B5473F,Investigador Nacional Nivel I  Consejo Nacional de Ciencia y Tecnología  otorgado por el período del 01/01/2006 al 31/12/2009
127,966D-6081F3B5473F,Investigador Nacional Nivel I  Consejo Nacional de Ciencia y Tecnología  otorgado por el período del 01/07/2002 al 30/07/2005
128,966D-6081F3B5473F,Ingreso a la Academia Mexicana de Ciencias como Miembro Regular  dictamen emitido el 5 de Noviembre 2015
129,966D-6081F3B5473F,Participación en el proyecto PARISUB  en buque oceanográfico L?ATALANTE  perteneciente al IFREMER  investigación desarrollada en la dorsal pacífica enfrente de las costas de Manzanillo Col. Marzo 18 a Abril 18  2010
130,966D-6081F3B5473F,Profesor-Investigador invitado por la Universidad de Bretaña Occidental  en Brest  Francia. Agosto-Octubre  2007
131,966D-6081F3B5473F,?Most Cited Paper 2003-2007 Award?  otorgado por ELSEVIER editora de la revista Lithos por el artículo publicado en el v. 66  1-2 (2003)  p. 77-105. Octubre 25  2007
132,966D-6081F3B5473F,Profesor Invitado  Université de Bretaña Occidentale  Brest  France. Agosto 28 ? Sept. 28  2005
134,8B17-B9D38A9C7EC5,Tiempos Relevantes de Perforación  como supervisor de obra en Equipo PM-9111  en la cual de diciembre-enero de 2000  se perforaron los pozos Culebra 608 y 782 fueron perforados en 13 días  a la profundidades de 2800 y 2680m  así como el pozo Culebra 407 do
135,8124-EC5803EE2762,Inversionista en Bienes Raíces  Criptomonedas  Activos digitales y Bolsa de Valores de Nueva York
136,AE08-4698961972FC,PARTICIPAR EN EL DESCUBRIMIENTO DE LAS VETAS MAS IMPORTANTES DEL DISTRITO FRESNILLO  PRIMER PRODUCTOR DE PLATA A NIVEL MUUNDIAL
137,9FD7-04AA740996E7,Desarrollo de un Sistema de Información de Piso para el cliente MABE REFRIGERADORES en Querétaro en 2002
138,9FD7-04AA740996E7,Desarrollo de Tecnología para imprimir información variable en papel con adhesivo reposicionable con el nombre de Adecuación a Motor Delphax de impresión en 1990 con una relevancia de Solucion  de requerimiento presentado por el cliente American Veterans e
139,9FD7-04AA740996E7,Transferencia de Tecnología con el nombre de Equipos Midax en 1992 con una relevancia de El Programa de Transferencia de Tecnología le permitió a la compañía el contar con equipo de impresion  de 500 fpm.  manejar autosobres e insertar piezas de publicidad
140,9FD7-04AA740996E7,Instalación de Equipo de Fotocomposición Computarizado con unidad laser de exposición con el nombre de Sistema PURUP con una relevancia de No existía esa tecnología en México dándole una  ventaja competitiva a la compañía en 1988 creado por: Gustavo Medina
141,9342-061E0F0BC6B4,El alumno Adrián Silva Saldierna se graduó con la tesis ?Análisis teórico y experimental del desempeño de hélices coaxiales? obteniendo su maestría en febrero del 2021  dicho trabajo lo co-dirigí junto con la Dra. Geydy Luz Gutiérrez Urueta.
142,8EE9-0138718CA1BB,"Aceptacion del Articulo ""Diseño y Construcción de un prototipo de una  Máquina Embalajadora"" y exposicion del mismo en el V CONGRESO BOLIVARIANO DE INGENIERÍA MECÁNICA (II CONGRESO BINACIONAL DE INGENIERÍA MECÁNICA / 17 ? 20 Junio de 2008  Cúcuta -Colombia"
143,A7E7-D92B4766AE06,Certificado de Acreditación en ISO 50001:2011 Sistema de Gestión de la Energía  2018
144,BA70-1B37D5E82DBC,- Launch successfully 20 New Products and 5 New lines.  - Reduce Scrap 10 % and increase production 30%  - Cost Out Proyect $1 500 000 USD  - Cero Defects with customers   - Reduce internal and customers PPMs by 30 % in all plants involved: Auburn  Caxias 
145,8196-F135D52B74FE,Pertenecer al Sistema Nacional de Investigadores a partir de Julio del año 1997 hasta la fecha  es decir el haber pertenecido mas de 26 años al SNI y mas de 22 años en el nivel I.
146,8802-DF575AF48C52,Muebles EGGA S.A. de C.V.  Gerente de Planta y de Manufactura.  Agosto del 2003 ? Junio del 2011. Desarrollar procesos únicos y herramientas especiales para levantar la producción a mas del doble y estar al mando de mas de 130 personas.   
147,8802-DF575AF48C52,GLOBEL H Máquinas para Madera. Gerente General. Enero de 1987 ? Julio 2003. Haber diseñado mas de 15 diferentes equipos de tecnología de punta para la transformación de la madera con funcionamiento altamente satisfactorio para ser producidos en serie y com
148,86A4-7121696F4C82,tener mi propia constructora desde hace ya mas de 34 años  habiendo realizado desde aguas potables y drenajes   hasta plantas de tratamiento  pasando por pavimentaciones de safalto y concreto hidraulico  edificios ( musica  tae kwon do  cendi  jurisdiccion
149,86A4-7121696F4C82,porque digo que es un logro lo anterior   porque cuantos profesionistas salimos de la carrera y cuantos llegamos a  tener nuestra propia compañia  que a su vez le damos trabajos a otros profesionistas   yo llegue a tener 7 profesionistas entre ing. civiles
150,AE8D-E5CD887CE287,Certificación en la Universidad Global de Cummins como Instructor de Motores Diesel.
151,AE8D-E5CD887CE287,Certificación en la Universidad Global de Cummins como Instructor de Generadores
152,8DDE-294DB0FB421C,Aumento de asistentes año con año en las Semanas Nacionales de Ciencia y tecnología en las cuales participé dentro del Comité organizador interno de la Facultad de Ingeniería de la U.A.S.L.P. coordinando la logística y actividades dentro de todas las áreas
153,8DDE-294DB0FB421C,Lograr colaboración de la Facultad de Ingeniería con el Departamento Físico Matemático dentro de las actividades de Semana Nacional de Ciencia y Tecnología.
154,8DDE-294DB0FB421C,Lograr colaboración de la Facultad de Ingeniería con el Instituto de Geología dentro de las actividades de Semana Nacional de Ciencia y Tecnología.
155,8DDE-294DB0FB421C,Disminución de tiempos en los trámites de entrega-recepción con C.F.E. de obras eléctricas implementando dentro de la empresa Ingeniería Industrial Potosina S.A. de C.V. protocolos de calidad eficientes para minimizar pérdidas de tiempo y por consecuencia 
156,8DDE-294DB0FB421C,Creación de Manuales de procedimientos de entrega-recepción de obras eléctricas destinadas a C.F.E. dentro de la empresa Ingeniería Industrial Potosina S.A. de C.V. para la división Golfo-Centro y división Bajío
157,8DDE-294DB0FB421C,Ascenso de Ingeniero residente de construcción y obra eléctrica a Ingeniero de proyectos eléctricos
158,BAE6-8C795CF7F1B0,? Socio Fundador de la Asociación Nacional de Energía Solar  A.C.  1977.
159,BAE6-8C795CF7F1B0,? Director Fundador del Centro de Investigación Científica de Yucatán  A.C.  6/VI/80 al 30/V/90.
160,BAE6-8C795CF7F1B0,? Miembro de la Comisión Dictaminadora del Centro de Investigaciones en Optica (CIO).  ? Miembro del Consejo Técnico del Centro de Investigaciones y Asistencia Técnica del Estado de Jalisco (CIATEJ).  
161,BAE6-8C795CF7F1B0,? Responsable Técnico del Programa Science Industry Partnership (SIPAR) SEP-UNESCO de 1/IX/91 al 1/93.  ? Evaluador de trabajos de Investigación del Consejo Nacional de Ciencia y Tecnología (CONACYT).  
162,BAE6-8C795CF7F1B0,? Evaluador Nacional de Proyectos Institucionales de Desarrollo de las Universidades Públicas.Evaluador Programa Pifi SEP
165,BAE6-8C795CF7F1B0,? Evaluador de Proyectos Institucionales del Programa Institucional de Fomento al Posgrado Nacional. (PIFOP).
168,81C8-ABBD2E182908,Certificado como Técnico Forestal de la CONAFOR en Fortalecimiento Humano con registro AST149834.
169,81C8-ABBD2E182908,Diplomado en Desarrollo de Empresas Rurales otorgada por la Universidad Nacional Autónoma de México   Facultad de Medicina Veterinaria y Zootecnia  Secretaría de Educación Continua.
170,AD95-FFF7D1BFB099,"El haber sido invitado especial a por la Asociación Española de Tecnologías de Defensa  Aeronáutica y Espacio (TEDAE) para participar como expositor en el evento ""EL ESPACIO ABIERTO""  que se realizó en Madrid el 20 de septiembre del 2017. En este evento ex"
171,BAE6-8C795CF7F1B0,? Miembro del Comité Ad-hoc del Programa del Sistema Nacional de Redes de Grupos y Centros de Investigación  del Consejo Nacional de Ciencia y Tecnología (CONACYT).
172,BAE6-8C795CF7F1B0,? Director General del Sistema de Bibliotecas de la Universidad Autónoma de San Luis Potosí  de marzo del 2004 a junio de 2020.
173,8DDE-294DB0FB421C,Brindar terapias de rehabilitación por medio de un sistema robótico a pacientes del Centro de Rehabilitación y Educación Especial (CREE) para evaluar el buen funcionamiento del robot en terapias y a la vez observar grado de avance de los pacientes con esta
178,8A8A-8FC56D337994,  ? RESPONSABLE  DE  LOS ANÁLISIS FÍSICOS   QUÍMICOS Y BACTERIOLÓGICOS  DE LA EVALUACIÓN DE LA CALIDAD DEL AGUA SUMINISTRADA POR MEDIO DEL ACUEDUCTO  EL REALITO SLP  CONVENIO INSTITUCIONAL  DE COLABORADOR  ENTRE LA UASLP Y EL GOBIERNO DEL ESTADO DE SLP (CE
179,B548-C001774C5E41,INCENDIOS FORESTALES
180,A16C-AFA7E8FEEA6F,SEP Actualización de los libros de texto
181,95A7-77393E09179F,Descripción:   Certificación  Nombre:   EC0049 Diseño de Cursos de Capacitación Presenciales  sus Instrumentos de Evaluación y Material Didáctico  Relevancia:   Alcance nacional  Autores:   Red CONOCER  Dónde se realizó:   INCA Rural Ciudad de México
182,95A7-77393E09179F,Descripción:   Certificación  Nombre:   EC0048 Impartición de cursos de capacitación presenciales  Relevancia:   Alcance nacional  Autores:   Red CONOCER  Dónde se realizó:   INCA Rural Ciudad de México
183,95A7-77393E09179F,Descripción:   Certificación  Nombre:   EC0076 Evaluación de la Competencia de Candidatos con base en Estándares de Competencia  Relevancia:   Alcance nacional  Autores:   Red CONOCER  Dónde se realizó:   PROLCI San Luis Potosí
184,95A7-77393E09179F,Descripción:   Certificación  Nombre:   Auditor Interno para la Certificación ISO 9000  Relevancia:   Alcance nacional  Autores:   QSD  Dónde se realizó:   Universidad Tecnológica de San Luis Potosí
185,95A7-77393E09179F,Descripción:   Reconocimiento  Nombre:   Coordinadora Técnica del Diplomado La Transversalización de la Perspectiva de Género y la Atención Estratégica y Especializada del Centro de Justicia para las Mujeres de San Luis Potosí  Relevancia:   Alcance nacion
186,95A7-77393E09179F,Descripción:   Reconocimiento  Nombre:   Ponente en Foro sobre Desarrollo Turístico rumbo al Plan Municipal de Desarrollo 2015-2018. Museo Laberinto de las Ciencias y las Artes  Relevancia:   Alcance estatal  Autores:   Mtra. Marcela Lucio Blanco para Cent
187,95A7-77393E09179F,Descripción:   Reconocimiento  Nombre:   Ponente en Sistemas de Producción  Relevancia:   Alcance local  Autores:   Mtra. Marcela Lucio Blanco para Universidad Tangamanga  Dónde se realizó:   San Luis Potosí
188,95A7-77393E09179F,Descripción:   Reconocimiento  Nombre:   Ponente Simulación de un Sistema Eólico utilizando Generadores Automotrices. Tercer Congreso de Energías Alternativas. Instituto Politécnico Nacional y el Centro de Investigación en Ciencia Aplicada y Tecnología Ava
189,A671-CCC4DB53F52B,Reconocimiento otorgado por el Municipio de Moctezuma  San Luis Potosi  por las investigaciones realizadas al Manantial Ojo de Agua de Moctezuma  SLP. Diciembre 2019.
190,9473-8E0C7C8C2298,Gestión y creación del del Jardín de Polinizadores Las Moras de Maria Sybilla. Mayo 2020. Directora
191,9473-8E0C7C8C2298,Creación de la empresa COCOAA  SA de CV.  Empresa consultora en el área de Recursos Naturales. Socia
192,9473-8E0C7C8C2298,Gestión y creación del Jardín de Polinizadores de la Facultad de Ciencias de la UASLP
193,97E6-BE6410B7CB46,Control del Bulkin en la PTAR 1 del Tangamanga I.   Control del acuífero sabinas Reynosa para la extracción de carbón  
194,9545-82F9E09C6B90,Patente industrial - DIRECTION DE LA PROPRIETE INDUSTRIELLE  - Valeo LVR
195,9545-82F9E09C6B90,Contribución al diseño de un nuevo compresor herméticamente sellado - Modelado matemático de las curvas de funcionamiento. 
196,9545-82F9E09C6B90,Rehabilitación y diseño de los bancos de prueba del laboratorio de Resistencia de materiales.
197,9545-82F9E09C6B90,Virtual CFD test bench for heat exchangers prediction - articulo de congreso.
200,8F56-F9AA6096D2CA,2017 ? Publons Peer Review Award - 2017 - Top 1 per cent of peer reviewers in Multidisciplinary by Publons.  Este reconocimiento fue obtenido por la participación activa en la realización de arbitrajes de artículos científicos para publicación en revistas 
201,8F56-F9AA6096D2CA,2016 - The Sentinels of Science Award - 2016 - Top 10 per cent of reviewers in Earth and Planetary Sciences by Publons. Este reconocimiento fue obtenido por la participación activa en la realización de arbitrajes de artículos científicos para su aceptación
202,B0BC-B5007BAAE968,RECONOCIMIENTO COMO INTEGRANTE DEL PADRON DE PARES EVALUADORES DEL CACEI EN EL ÁREA DE INGENIERÍA EN COMPUTACIÓN (2019)
203,B0BC-B5007BAAE968,CERTIFICADO COMO AUDITOR INTERNO PARA SISTEMAS DE GESTIÓN DE CLAIDAD ISO 9001:2008 (2015)
204,A16C-AFA7E8FEEA6F,Participación en el Plan de Desarrollo de San Luis Potosí  por la cámara de Industriales Potosinos.
205,A719-7932825DC436,3er Lugar en la Fórmula Azteca  Campeonato Marlboro  San Luis Potosí  octubre 1994  https://drive.google.com/file/d/1VWv85gv517dIu7ex8cAeLw5ag-_DVkTY/view
206,A719-7932825DC436,3er Lugar en la Fórmula Azteca  Campeonato Marlboro  Querétaro  noviembre 1994   https://drive.google.com/file/d/1v77bFnu9RksTEHS_AGepY5n7ToSTKUeH/view
207,A719-7932825DC436,International Auto Show México  4a Concentración de Minis  1995  https://drive.google.com/file/d/0B6sdfuxYTYhvdlIwM0g1a0RMVVk/view?resourcekey=0-H9PSZ0hfFSG5r1wrk4i5OA
208,A719-7932825DC436,Azteca Racing School  1995  https://drive.google.com/file/d/0B6sdfuxYTYhvcXM5dVZPV3hPbjQ/view?resourcekey=0-7JV_F4LRU9Wx2ETs79ziFQ
209,A719-7932825DC436,Participación en el Campeonato Regional Pony I  1996  https://drive.google.com/file/d/0B6sdfuxYTYhvWGwtR2xiQ01CX2s/view?resourcekey=0-G5zpqGSUTC-FNt2GfmOZ1A
210,A719-7932825DC436,Primera Competencia de Resistencia Dos Horas Vanart  1997  https://drive.google.com/file/d/0B6sdfuxYTYhvZlNhV0NUeGlDZzQ/view?resourcekey=0-_KmxatYJTaNWfZdBhnV3_A
211,A719-7932825DC436,1a Fecha del Campeonato Tecate GT II  1999  https://drive.google.com/file/d/0B6sdfuxYTYhvQ0ozcFhtZE1TZmc/view?resourcekey=0-4p75Jk2Qa7QdsIU1hZTG-w
212,A719-7932825DC436,2do lugar en el Campeonato Nacional Vintage  Fecha San Luis Potosí  1998  https://drive.google.com/file/d/1-0_kZub_1dSPWRgx-NwG4-VM6r0F9nOt/view  
213,A719-7932825DC436,Programa Racing Experience  Formula X  2001  https://drive.google.com/file/d/0B6sdfuxYTYhvaTZ2WW9fd21IU0U/view?resourcekey=0-bgKxHhevb5FZAsdkWK8Rfw
214,A719-7932825DC436,Dos horas Pony 2001  https://drive.google.com/file/d/0B6sdfuxYTYhvREhIYUR3dkI0S0U/view?resourcekey=0-bRyRWWY_5na3s3Q7GavQrA
215,A719-7932825DC436,Técnico del equipo Campeón de La Carrera Panamericana 2004  Pan Am Class  https://drive.google.com/file/d/0B6sdfuxYTYhveTZEMWxUOWVZNWc/view?resourcekey=0-KfzeJTJA917caIXSC9qVKg
216,A719-7932825DC436,Bujía de Platino  Asociación de Autos Antiguos de San Luis Potosí  A.C.  2006  https://drive.google.com/file/d/0B6sdfuxYTYhvam55cmtQOFZYSkk/view?resourcekey=0-NtxoGdjb1Pj4Zv8OZLXr9Q
217,A719-7932825DC436,Mini Meet Cuernavaca 2007  https://drive.google.com/file/d/0B6sdfuxYTYhvYVhOMlZ3NVFrd0U/view?resourcekey=0-0_FjsZT01kYRGROVWi6DkQ
218,A719-7932825DC436,Ganador de la Fabulosa Carrera del Recuerdo  H. Ayuntamiento de San Luis Potosí  2008  https://drive.google.com/file/d/0B6sdfuxYTYhvT00yQXRvMHFPU28/view?resourcekey=0--Q6P0Mj0ep3zoavlydLshw
219,A719-7932825DC436,Mini Fest 2009  50 Aniversario del Mini Cooper  Mini Asociados México  A.C. y H. Ayuntamiento de San Luis Potosí.  https://drive.google.com/file/d/0B6sdfuxYTYhveFdvOHU2M0l2d0E/view?resourcekey=0-HZmd-4IXdW-vUN9ugTyVDg
220,A719-7932825DC436,Coordinador del Vintage Car Show  H. Ayuntamiento de San Luis Potosí  A.C. y la Federación Mexicana de Automóviles Antiguos y de Colección  A.C.  2015  https://drive.google.com/file/d/0B6sdfuxYTYhvZ1I2QmhncTlVdmM/view?resourcekey=0-zzBE8pZIIVfp3JEKieCDyQ
221,A719-7932825DC436,Coordinador del Día del Auto Antiguo 2016  H. Ayuntamiento de San Luis Potosí y la Federación Mexicana de Automóviles Antiguos y de Colección  A.C.   https://drive.google.com/file/d/0B6sdfuxYTYhvR053WU1KbGUzUW8/view?resourcekey=0-tINZSD7CavwL5pcumjaEdg
222,A719-7932825DC436,Coordinador del San Luis Potosí Car Show 2017  https://drive.google.com/file/d/0B6sdfuxYTYhvLXRVdG91QWZRLWc/view?resourcekey=0-zyUvBlp4zYgMJO8edAHVkg
223,A719-7932825DC436,Coordinador del 25° Aniversario de Mini Asociados México  A.C. 2017  https://drive.google.com/file/d/0B6sdfuxYTYhvcU9xbGxzamdWeDg/view?resourcekey=0-rbdM1hXhfndeetJwsSQnfw
224,A719-7932825DC436,Coordinador de ExpoSoledad 2017  https://drive.google.com/file/d/1F4-uK5i4XvXzTVn3qDX7gJ3wMp4nbqXf/view
225,A719-7932825DC436,Coordinador del Car Show San Luis Potosí 2019  https://drive.google.com/file/d/1dUpK_D2yOncg27Mnsj_bu1PGjP5ivA_3/view
226,A719-7932825DC436,60 Aniversario del Mini Cooper  Querétaro  México  2019  https://drive.google.com/file/d/1RGEbKOwmFEbdxZ0P7WtQWWAIj-vHCmm_/view
227,A719-7932825DC436,Reconocimiento de apoyo y contribución a Mini Asociados México  A.C. 2019  https://drive.google.com/file/d/1jLUTyZjsyN5pwgMccQ34v_vgoKsMtMrW/view
228,A719-7932825DC436,Coordinador del Car Show San Luis Potosí 2020  https://drive.google.com/file/d/1twZDQZNPQPnsWpc9mGtotaR6TvLmv_jf/view
231,BC4D-CAA4E3DE6CC4,PUBLICACIÓN. Artículo Multitemporal análisis of the water Satial distribution though NDWI modeling: Case study in the San Luis Potosí state  México. Journal Intengible Capital. Año 2017.
232,BC4D-CAA4E3DE6CC4,PUBLICACIÓN. La vinculación como desarrollo de habilidades sociales en estudiantes de educación superior. Asociación Nacional de Facultades y Escuelas de Ingeniería y Universidad Politécnica de Guanajuato. 2020. ISSN: 2395-9878
242,8FA6-5A5255158C80,Es líder del  Cuerpo Académico en Sistemas Inteligentes y Ciberseguridad  PRODEP  nivel consolidado (2022-2026). 
244,8FA6-5A5255158C80,Como parte  del  Consejo  de Acreditación de la Enseñanza de la Ingeniería (CACEI) fue miembro de la Comisión Técnica en Computación (2010-2014)  evaluador (2003-2021) y coordinador (2010-2020). 
245,8FA6-5A5255158C80,Fue miembro del Consejo Técnico del EGEL-COMPU (Ciencias de la Computación) del CENEVAL (2012-2016)  actualmente pertenece al Comité Académico del EGEL-COMPU. 
246,8FA6-5A5255158C80,Es evaluador del PRODEP: cuerpos  académicos y proyectos de nuevos profesores de tiempo completo y exbecarios.   
247,8FA6-5A5255158C80,Miembro de la Red Mexicana de Supercómputo (RedMexSu) del 2016 a la fecha. Miembro de la Comunidad de Supercómputo de CUDI (2023 a la fecha)  
248,BECB-C0B6A90CCD7C,Acreditación del examen de Certificación en SCRUM FUNDAMENTALS  1 de agosto de 2020  examen en línea  SCRUM Study.
249,BECB-C0B6A90CCD7C,Reconocimiento por haber sido miembro de la Red de Expertos Fulbright-García Robles  durante el año 2016-2017  Ciudad de México  comisión México - Estados Unidos (COMEXUS).
250,BECB-C0B6A90CCD7C,Reconocimiento por haber sido miembro de la Red de Expertos Fulbright-García Robles  durante el año 2017-2018  Ciudad de México  comisión México - Estados Unidos (COMEXUS).
251,BECB-C0B6A90CCD7C,Reconocimiento por haber sido aceptado como Miembro Profesional de la Association for Computing Machinery (ACM)  mayo 2012  USA.
252,BECB-C0B6A90CCD7C,"Reconocimiento como ponente en el Congreso Internacional de Ingenierías CIING  La  UNIVERSIDAD DEL VALLE DE ATEMAJAC (UNIVA)  con el tema ""Web of Things  un paso adelante del Internet de las Cosas""  Zapopan  Jalisco  1 de julio de 2021."
258,BF0F-B6908F5180F8,Certificación en texturizado de personajes con Substance Painter  University of Advanced Technologies en junio del 2022
259,BF0F-B6908F5180F8,Certificación en diseño de juegos en Unity  Escuela Británica de Artes y tecnológicas  junio del 2022 
261,B5A6-1460745FED4B,Oracle Certified Professional  Java SE 6 Programmer. Certificación obtenida el 8 de agosto de 2013.
262,B5AB-202D985E099D,"Solicitud de patente ""DISPOSITIVO CONCENTRADOR SOLAR CON ESPEJO DE ARCO CIRCULAR ASIMÉTRICO""  ingresada en marzo del 2022"
265,9AE5-47D36683045F,"Certificación en ""SCRUM Fundamentals""  11 de Diciembre de 2020."
267,8E77-F80D8117A6DB,Liderear diversos proyectos de desarrollo tecnológico en diferentes empresas y generar productos funcionales  especificamente:
268,8E77-F80D8117A6DB,1) Sistema de generación de reportes de mantenimiento preventivo-correctivo de equipo industrial en la empresa Industrial Minera México. Manejo de lecturas de vibración con equipo digital. Logro: Automatización y reducción de tiempos de mantenimiento  gene
269,8E77-F80D8117A6DB,2) Análisis  Diseño y Desarrollo de un Sistema Administrativo para arrendamiento  contable y financiero de colonias desarrolladas por la Constructora Rangel (Grupo Valoran) y la empresa PECASE S.A. Logros: actualizar el Libro mayor y poner al dia la contab
270,8E77-F80D8117A6DB,3) Análisis  diseño e implementación de un sistema automático de dragado de residuos sólidos para una planta de tratamiento de aguas residuales en el rastro municipal de Salvatierra Guanajuato. Logro: Disminución de plagas  disminución de contaminante en e
271,8E77-F80D8117A6DB,4) Análisis para el diseño de un banco de pruebas de presión diferencial de tuberia microaleteada para refrigeración  capacitación al personal de la toma digital de señales mediante ADC. Empresa CUPRO San Luis. Logros: Conocer la forma de trabajo de la emp
272,8E77-F80D8117A6DB,5) Diseño y desarrollo de un reloj checador digital con alarma temporizada  basado en un  microprocesador de 8 bits  para empresa de bicicletas Mercurio San Luis. Logros: Involucrar alumnos en proyectos de aplicación.
273,8E77-F80D8117A6DB,6) Análisis y diseño de automatización y semaforización (propuesta de cotización solamente) para una línea de ensamble de escapes automotrices   empresa DANA automotriz. Logros: Conocer el proceso automatizado de ensamble usando metodologías de LEAN Manufa
274,8E77-F80D8117A6DB,7) Análisis  diseño e implementación de módulos para un sistema educativo para la empresa Creation-Box (Alianza con Microsoft) - UASLP - CONACyT. Logro importante: Involucrar un equipo de trabajo de alumnos de licenciatura (8 alumnos) y dos profesores PTC.
275,8E77-F80D8117A6DB,8) Análisis de programación con PLCs e Instalación eléctrica de sistema de control automático para un elevador de tarimas industriales  para paletizado. Empresa AUProg-Colgate Palmolive. En Sn José Iturbide  Guanajuato. Logros: Aplicación práctica  reforza
276,8E77-F80D8117A6DB,9) Diseño del sistema de control de una máquina expendedora de productos industriales  con comunicación wi-fi. Empresa AUProg-Mexichem-GM  Chihuahua  Chihuahua. Logros: aplicación de conocimientos de microcontroladores y actualización de tecnologías para a
277,955B-39B9328CD764,"Mención honorífica en el premio nacional de ciencia y tecnología de alimentos 2013 en la categoría profesional  con el trabajo ""Diseño y construcción de un secador solar híbrido para la deshidratación de hortalizas"""
278,9530-9ECECA695F0B,Creación y desarrollo de la Empresa Agrícola Huerta Tierras Prietas  dedicada a la producción de hortalizas  gramíneas y ganado vacuno para producción de carne
280,9BAB-6B6142FED5C5,Perfil Deseable a Profesor Investigador de Tiempo completo                                      Institución(es) que lo otorga: Subsecretaría de Educación Superior Programa de Mejoramiento del Profesorado. Fecha: 31/07/08 al 06/01/24  
282,9498-2DFD2CB96787,DESARROLLO Y COMERCIALIZACION DE VIVIENDAS
283,9498-2DFD2CB96787,DESARROLLOS HABITACIONALES
284,9498-2DFD2CB96787,SUPERVISION Y DESARROLLO DE INFRAESTRUCTURA PARA CONJUNTOS HABITACIONALES
285,9498-2DFD2CB96787,GESTION ANTE SICT PARA OBRAS MARGINALES
286,9498-2DFD2CB96787,SUPERVISIÓN DE EJECUCION DE OBRAS DE INFRAESTRUCTURA BASICA EN DESARROLLOS INDUSTRIALES
292,ADBE-D146C9FA7317,Autor de diversos artículos en revistas arbitradas:    
293,ADBE-D146C9FA7317,2012 Méndez H. y Juárez G. ?Implantación de un modelo de daño para simular elementos de  concreto en su evolución al colapso?. XXVIII Congreso Nacional de Ingeniería Estructural  Acapulco   Guerrero.    
295,ADBE-D146C9FA7317,2012 Méndez H. y Juárez G. ?Un modelo de daño para simular la evolución al colapso de  elementos de concreto?. Revista del IMCyC: Concreto y Cemento investigación y desarrollo  Vol.3   Núm. 2  p.p. 19-33. México  D.F.   
296,ADBE-D146C9FA7317,2014 Juarez-Luna  G.  Méndez-Martínez  H.y Ruiz-Sandoval M.E. (2014)  ?An isotropic   damage model to simulate collapse in reinforce concrete elements?  Latin American Journal of   Solids and Structures  11(13)  2444-2459  ISSN: 1679-7825 
297,866A-7B163D71D67D,CERTIFICACIÓN COMO TÉCNICO NIVEL I EN PRUEBAS AL CONCRETO POR EL ACI
298,93EF-E0F98BC5D309,Levantamiento de 10 predios de 500 a 1000 has cada uno en diferentes partes del Estado de San Luis Potosí. Incorporando tecnología GNSS y sistemas de información geográfica  utilizando Medios Magnéticos del RAN.
300,8A31-5FB0B55D926B,Reconocimiento de distinción de Alumno de Excelencia ciclo 2015-2016 de la Carrera de Ingeniería Civil
301,8F56-F9AA6096D2CA,2021 - Director de la Tesis de Sánchez-Hernández  P.A. 2019. Probabilidad y estimación futura del crecimiento urbano en la Ciudad de San Luis Potosí. Tesis de Ingeniero en Geomática. Facultad de Ingeniería. Universidad Autónoma de San Luis Potosí. 62 p. Ár
302,A950-6397C7421815,Participación con la constructora QUID S.A de C.V.  en el diseño estructural del colector pluvial para el municipio de San Luis Potosí  en el año de 1996
303,AEC8-FC6CB6171D96,Patente como invención    Dispositivo tipo jaula hexagonal para prueba de resistencia a la adherencia de un concreto armado    Sandra Luz Rodríguez Reyna  Angel Ismael Cárdenas Martínez  Miguel Ángel Gallegos Guerrero  Jorge Humberto Díaz Aguilera  Miguel 
304,9BF4-0F6C75F3BBAD,Certificación internacional ACI - Técnico en pruebas al concreto grado 1
305,9BF4-0F6C75F3BBAD,Certificación internacional ACI - Técnico en pruebas al concreto grado 2
306,9BF4-0F6C75F3BBAD,Certificación internacional ACI - Técnico en pruebas de agregados
307,B562-1C2BC5D41E43,Reporte técnico con fecha Noviembre 2021  para la empresa PERFOSIERRAS.A. de C.V. trabajos correspondientes a la exploración y muestreo de suelos para el proyecto: ?Puente paso elevado EL GIGANTE? ubicado en la ciudad de Taxco  en el estado de Guerrero 
310,A2A2-C440A6460EE3,NULL
311,B9E7-EBD41A38F7EF,Sistema COVID para hospital central
313,91D7-34FF3F297B62,Certificado de Competencia en el Estándar ?Consultoría General (EC 0249)?. Secretaría de Educación Pública  a través del Consejo Nacional de Normalización y Certificación de Competencias Laborales  CONOCER. (22/12/2023).
314,9FEF-FEB0A53EA59D,Miembro del Sistema Nacional de Investigadores Nivel 1 CONAHCyT 2023 - 2027
317,B84F-623D2FFF368E,F. Hernández Navarro  E. Gutiérrez Castañeda  V.E. Salazar Muñoz  A. Bedolla Jacuinde  R. Deaquino Lara  A. Salinas Rodríguez  & P. Zambrano Robledo (2023). Influence of chemical composition and processing conditions on the microstructure and magnetic prop
319,B84F-623D2FFF368E,Ponencia Oral. Fundamentos teóricos de la refrigeración magnética. Primer ciclo de seminarios Niels Bohr de Ciencia de Materiales. Octubre 2022.
320,B84F-623D2FFF368E,Ponencia Oral: Compósitos magnetocalórico con Alta Capacidad de enfriamiento relativo. XIV Encuentro de Investigación del Área Académica de Ciencias de la Tierra y Materiales  UAEH. Diciembre 2021.  
321,B84F-623D2FFF368E,Ponencia Oral: Great magnetocaloric properties of polyurethane foam matrix composite with embedded lanthanum manganite particles. The Sociedad Mexicana de Ciencia y Tecnología de Superficies y Materiales  A.C. Septiembre 2022.
322,B84F-623D2FFF368E,Ponencia Oral: Determinación indirecta del efecto mangnetocalorico de manganitas de lantano fabricadas por el método Pechini modificado. 1er Simposio Nacional de Tecnologías del Frio. Octubre 2021
323,B84F-623D2FFF368E,Ponencia Oral: Estrategia Autodidacta para Seleccionar Materiales de Ingeniería utilizando Granta-Edupack. XLVIII Conferencia Nacional de Ingeniería. Junio 2021.  
325,AC0C-96144F0179CC,Perfil Deseable como PTC acreditado en Junio del 2021  con vigencia de 3 años
326,AC0C-96144F0179CC,Miembro del sistema nacional de investigadores Nivel I del Área VII: Ingenierías 1 de Enero del 2022 al 31 de Diciembre 2026.
330,956D-8D4DC44373F0,Miembro Comité de Medio Ambiente y representante ante la SEMARNAT en los Grupos de Trabajo de Elaboración de normas oficiales mexicanas y en la Comisión de Medio Ambiente y Recursos Naturales (COMARNAT) de la SEMARNAT. 
331,81A5-C774A668F19C,Investigador Nacional Nivel II del SNII otorgado por el CONAHCyT  periodo 01 de enero de 2023 al 31 de diciembre de 2027
332,81A5-C774A668F19C,Investigadora Nacional Nivel I del SNII otorgado por el CONACyT en el periodo 1 de enero de 2019 al 31 de diciembre de 2022
333,81A5-C774A668F19C,Miembro del Registro CONACYT de Evaluadores Acreditados (RCEA)  en el Área 7. Ingeniería e industria.  con el registro número RCEA -07 -24432 -2012.
334,B579-BDC7A118DF08,Certificación en Tecnologías de la información geoespacial. CONHACYT  RENIECYT 2200073. Colegio Mexicano de Ciencias Forenses
335,B742-77A61FAC34E2,Desarrollo de Nuevos Productos. Empresa de Manufacturas Kaltex. Las patentes son de la Empresa
336,8196-F135D52B74FE,Beca al desempeño academico obtenida desde el año 2003 a la fecha con la obtencion en todos los años por arriba del nivel 3.
337,B311-E68931130BE5,Desarrollo de la metalografía de la Plata Sterling
338,B311-E68931130BE5,LIBRO ¿Cómo son las partículas atmosféricas antropogénicas y cuál es su relación con los diversos tipos de fuentes contaminantes?  Autor: Antonio Aragón Piña DOI:10.13140/RG.2.1.2561.0409  Editorial Palibrio  2011(USA)  Su contenido en cuanto a tipos de pa
339,A1E6-32C8D1074952,CONSTRUCCION DE 28 NAVES INDUSTRIALES A EMPRESAS COMO SHIMITZU  ARGO  AUSTIN COMPANY  BOYSEN  CERQ  ETC.  Y CONSTRUCCION DE 19 AGENCIAS DE AUTOS COMO VW  SEAT  DALTON HONDA  TOYOTA  KIA  ETC
340,A1E6-32C8D1074952,CERTIFICACION DE 52 EMPRESAS EN SISTEMAS DE CALIDAD ISO 9001 2015; IATF 16949 y VDA 6.3
341,A1E6-32C8D1074952,ASESOR DE CALIDAD PREMIO NACIONAL DE CALIDAD
342,966D-6081F3B5473F,Miembro del Cuerpo Académico ?Geodinámica y Evolución de la Corteza? que obtiene nombramiento de Cuerpo Académico Consolidado  otorgado por SES-PROMEP de la Secretaría de Educación Pública  por un período de 5 años. Desde el 15 de Marzo 2024 hasta el 2029
343,966D-6081F3B5473F,Reconocimiento a Perfil Deseable (PROMEP)  Secretaría de Educación Pública  otorgado por el período del 19/07/2022 al 18/07/2025.
344,966D-6081F3B5473F,Investigador Nacional Nivel II  Consejo Nacional de Ciencia y Tecnología  otorgado por el período del 01/01/2018 al 31/12/2022
345,966D-6081F3B5473F,Ingreso al Sistema Estatal de Investigación como Investigador Estatal Nivel  Consejo Potosino de Ciencia y Tecnología (COPOCyT). Julio 2022
346,B3D1-EA74037D96B3,SECRETARIO DE LA SOCIEDAD GEOLOGICA MEXICANA
347,B0BC-B5007BAAE968,Reconocimiento Ponente en la ?6ª Semana Estatal de Ciencia y Tecnología?  Secretaría de Investigación y Posgrado  UASLP.  Octubre 2024  
348,B0BC-B5007BAAE968,Reconocimiento Evaluador durante el ?11º Encuentro de Jóvenes Investigadores en el Estado de San Luis Potosí?.  Secretaria de Investigación y Posgrado  UASLP.  Noviembre 2023  
349,B0BC-B5007BAAE968,Reconocimiento Ponente en la ?5ª Semana Estatal de Ciencia y Tecnología?  Secretaría de Investigación y Posgrado  UASLP.  Octubre 2023  
350,B0BC-B5007BAAE968,Reconocimiento Ponente en la ?4ª Semana Estatal de Ciencia y Tecnología?  Secretaría de Investigación y Posgrado  UASLP.  Octubre-Noviembre 2022  
351,B0BC-B5007BAAE968,Reconocimiento Evaluador durante el ?7º Encuentro de Jóvenes Investigadores en el Estado de San Luis Potosí?.  Secretaria de Investigación y Posgrado  UASLP.  Septiembre 2019  
352,B0BC-B5007BAAE968,Reconocimiento Evaluador durante el ?6º Encuentro de Jóvenes Investigadores en el Estado de San Luis Potosí?.  Secretaria de Investigación y Posgrado  UASLP.  Septiembre 2018   
353,B0BC-B5007BAAE968,Constancia Evaluador de ?Proyecto Integrador? de las carreras de Ingeniería en Topografía y Construcción e Ingeniería en Geoinformática.  Facultad de Ingeniería  UASLP.  Mayo 2017
354,B0BC-B5007BAAE968,Reconocimiento Evaluador durante el ?5º Encuentro de Jóvenes Investigadores en el Estado de San Luis Potosí?.  Secretaria de Investigación y Posgrado  UASLP.  Septiembre 2017  
355,B0BC-B5007BAAE968,Reconocimiento Ponente en el ?1er Encuentro de Jóvenes Investigadores del  Estado de San Luis Potosí?.  Tema: ?Metodología para la Programación de un Robot Humanoide con Findes de Divulgación?  Secretaria de Investigación y Posgrado  UASLP.  Diciembre 2013
356,B0BC-B5007BAAE968,Constancia Conferencista en los eventos conmemorativos del XXX Aniversario del CETis.  Tema: ?Divulgación de la Ciencia Mediante la Robótica? Dirección General de Educación Tecnológica Industrial. CETis No 125.  Noviembre 2012
357,B0BC-B5007BAAE968,Reconocimiento Expositor en la 19ª Semana Nacional de Ciencia y Tecnología.  Consejo Potosino de Ciencia y Tecnología (COPOCYT).  Septiembre 2012  
359,ABEC-0B60A0FEF856,Obtención de dos patentes en el año 2019 ante la INDECOPI de Peru  Se realizaron ladrillos retractiles para inmovilizar plomo y zinc.  Se realizo un dispositivo sismico para pavimentos desplazables
361,8FA6-5A5255158C80,Principal Investigator in the Dark Energy Science Collaboration (DESC) for the Legacy Survey of Space and Time (LSST) and the Simonyi Survey Telescope at NSF?DOE Vera C. Rubin Observatory. (2022-2025)
362,993E-21D40A6E5A70,Creación de la nube privada para la Facultad de Ingeniería de la Universidad Autónoma de San Luis Potosí.
378,9B22-E5A14DE43EC2,Reconocimiento por participación en Expo vocacional 2021  
379,9B22-E5A14DE43EC2,Reconocimiento por participación en Expo vocacional 2022
380,9B22-E5A14DE43EC2,Reconocimiento por participación en Evaluación de proyectos académicos del área civil 2024-2025 
381,9B22-E5A14DE43EC2,Reconocimiento por participación en Evaluación de proyectos académicos del área civil 2020-2021
382,9B22-E5A14DE43EC2,Reconocimiento por participación como juez en el XI Concurso de levantamiento topográfico con nivel óptico 2021
383,9B22-E5A14DE43EC2,Reconocimiento por participación en Evaluación de proyectos académicos del área civil 2021-2022
384,9B22-E5A14DE43EC2,Reconocimiento por participación en la asesoría de proyectos académicos del área civil 2021-2022
385,9B22-E5A14DE43EC2,Reconocimiento por participación como juez en el XIV Concurso de levantamiento topográfico con nivel óptico 2024
386,BC59-07B3968B921B,NASA Space Apps Challenge: Primer lugar en la edición QRO 2022
387,BC59-07B3968B921B,Finalista continental continental / Semifinalista internacional (2 videojuegos) GAME JAM  2025 (Sao Paulo  Brazil)
390,B0BC-B5007BAAE968,Constancia como Asesor de proyecto ?Seguro para Refrigerador? de la asignatura ?Proyecto Integrador de la carrera IMA?.  Área Mecánica y Eléctrica  Facultad de Ingeniería  UASLP.  Semestre 2024-2025/I 
391,B0BC-B5007BAAE968,Constancia como Asesor de proyecto ?Simulador de Tiempos de Operación? de la asignatura ?Proyecto Integrador de la carrera IMA?.  Área Mecánica y Eléctrica  Facultad de Ingeniería  UASLP.  Semestre 2024-2025/I 
392,B0BC-B5007BAAE968,Constancia como Asesor de ?Proyecto Integrador  en la modalidad de Proyectos Didácticos Semestre 2022-2023/I?.  Área Mecánica y Eléctrica  Facultad de Ingeniería  UASLP.  Semestre 2022-2023/I 
393,AB17-A16415A0D571,Poder haber diseñado y desarrollado (front y back) entre 18 a 25 aplicaciones móviles en 3 años  de las cuales alrededor de 6 a 8 aplicaciones se encuentran en tiendas de Android y iOS  en diferentes partes del país y de Latinoamérica
394,94D6-EC76BCD5E666,Se consiguió registrar en el INDAUTOR la propiedad intelectual del desarrollo de software. Específicamente un sistema computacional que realiza el seguimiento de objetos en video basado en el algoritmo de búsqueda de las abejas.
395,A16E-C366C2ABBA2E,Diseñé e implementé un sistema integral para el seguimiento de procesos en una empresa aseguradora  logrando una solución completamente alineada con las necesidades reales de los usuarios. El software fue desarrollado para funcionar de forma eficiente en p
396,A16E-C366C2ABBA2E,Lideré el desarrollo completo de una aplicación desde cero hasta su lanzamiento final en un periodo de 6 meses  abarcando desde el levantamiento de requerimientos hasta la entrega del producto terminado. El proyecto incluyó diseño UI/UX  arquitectura de so
397,A16E-C366C2ABBA2E,Diseñé arquitecturas escalables y modulares  asegurando la mantenibilidad del código y la incorporación ágil de nuevas funcionalidades en sistemas empresariales.
398,A16E-C366C2ABBA2E,Traduzco necesidades del cliente en soluciones tecnológicas funcionales  mediante análisis de requerimientos  prototipado y validación iterativa.
399,A16E-C366C2ABBA2E,Migré sistemas heredados a tecnologías modernas sin interrumpir la operación del negocio  mejorando el rendimiento y usabilidad.
400,A16E-C366C2ABBA2E,Reduje en un 40% los tiempos de operación interna mediante automatización de procesos administrativos con software personalizado.
401,A16E-C366C2ABBA2E,Aumenté la disponibilidad del sistema a un 99.9% al implementar mejores prácticas de monitoreo y recuperación ante fallos.    
402,A16E-C366C2ABBA2E,Mejoré la experiencia del usuario final mediante rediseño de interfaces responsivas y accesibles  lo que aumentó el uso activo de la plataforma.
403,AD1A-452EF9CE43C4,Patente: Inventores/Diseñadores: Sandra Ayala-Zambrano  Geydy Luz Gutiérrez-Urueta  Robert Jäckel  Alberto Ramos Blanco  Cintia Monreal Jiménez. ?CONTENEDOR PORTÁTIL CILINDRICO EQUIPADO CON DOS PCMS PARA EL TRANSPORTE DE PRODUCTOS SENSIBLES A LA TEMPERATUR
404,9839-3CF62708AA7C,NULL
407,B82F-CA42E7A54014,Elaboración del Manual del identidad de la empresa Wabtec de México  S. de R.L. de C.V.
408,B82F-CA42E7A54014,Impartición de conferencias sobre la Equidad e Igualdad de Género  en dependencias educativas: Universidad Politécnica de SLP  Universidad Autónoma Facultad de Ingeniería 
409,92D3-DE2FD95F7A75,CONSTANCIA DE CATEDRÁTICO EN LA SECUNDARIA POTOSINA  INCOORPORADA A LAS S.E.S.S.  BAJO EL REGISTRO N° 157. PERIODO DEL CICLO ESCOLAR 1983-1984. 
410,92D3-DE2FD95F7A75,CONSTANCIA DEL CURSO TALLER DE ORALIDAD MERCANTIL POR PARTE DE LA ASOCIACIÓN DE ABOGADOS LITIGANTES DE SAN LUIS POTOSÍ A.C.  2016. 
411,9715-ABECE3F59367,Premio con el nombre de Premio SEP-ANFEI a la Facultad de Ingeniería con una relevancia de Reconocimiento al trabajo de la Facultad como la mejor desarrollada en el pais entre 2001 y 2005 y por su aporte al plan nacional de educación creado por: ANFEI y SE
413,8793-C272A821451E,Participación honorífica como Ciudadano Representante de la Sociedad Civil en el Comité Institucional de Gobierno Abierto del Consejo Potosino de Ciencia y Tecnología (CIGA-COPOCYT) del Gobierno del Estado de SLP  a partir de octubre de 2018 a diciembre 20
414,A978-0FA3F5F359FE,1RA CAPSULA COVID CON FILTRO HEPA Y LUZ ULTRAVIOLETA DEL PAIS EN EL COVID.  EVENTO CON CRUZ ROJA  SECRETARIA DE SALUD Y SECTOR PRIVADO.
415,A978-0FA3F5F359FE,1ERA MAQUINA QUE GENERA AGUA DEL AIRE - AIRWATTER.   RECONOCIMIENTO POR CANACINTRA Y GOBIERNO.
426,9926-1F04C0461704,DISPOSITIVO TIPO JAULA HEXAGONAL PARA PRUEBA DE RESISTENCIA A LA ADHERENCIA DE UN  CONCRETO ARMADO. NÚMERO DE SOLICITUD: 014061. FECHA DE SOLICITUD: 2019-11-25. RESUMEN: LA INVENCIÓN CONSISTE EN EL DISEÑO DE UN DISPOSITIVO MECÁNICO TIPO ?JAULA? DE FORMA HE
429,9926-1F04C0461704,MÉTODO PARA PREDECIR Y MAXIMIZAR LA VIDA ÚTIL EN PIEZAS DE MATERIAL POLIMÉRICO IMPRESAS EN 3D POR MODELADO POR DEPOSICIÓN FUNDIDA. NÚMERO DE SOLICITUD: 010343  FECHA DE SOLICITUD: 2025-08-22. RESUMEN: LA PRESENTE INVENCIÓN PERTENECE AL CAMPO DE LA IMPRESIÓ
430,9F70-631542E15748,"Organizadora del curso  ""Geovisores"" impartido por personal del INEGI y llevado a cabo el 7 y 8 de noviembre del 2023 con duración de 2 horas.  Este curso formó parte de las actividades de vinculación Universidad-Organismos públicos para mejorar la calidad"
431,9F70-631542E15748,Participación como instructora del curso-taller:  Geología Física que se llevó a cabo del 28 de agosto al 17 de noviembre del 2023 con una duración total de 40 horas.   Este curso forma parte de las actividades de extensión del Programa Educativo de Ingeni
432,9F70-631542E15748,Reconocimiento por participación como jurado evaluador en la Feria de las Artes y Ciencias Harkness 2024
433,9F70-631542E15748,"Participación en el ciclo de páneles: ""Las mujeres en la Ciencia"": ¿Qué hacen las mujeres en las Ciencias de la Tierra?  UASLP  abril 2024"
